temperature,rainfall,soil_moisture,soil_humidity,ndvi,historical_rainfall,historical_temperature,days_since_planting,soil_type,current_crop,label
32.51,25.96,0.274,0.283,0.383,57.74,34.12,88,argileux,mil,1
21.91,37.67,0.072,0.017,0.286,36.14,23.33,6,loam,arachide,0
16.07,17.38,0.330,0.336,0.500,15.10,12.79,88,sableux,coton,1
21.74,29.92,0.123,0.235,0.266,68.17,25.32,16,loam,coton,1
28.60,1.25,0.119,0.025,0.256,27.07,29.75,25,argileux,riz,0
30.85,4.29,0.059,0.082,0.198,32.62,30.48,95,argileux,coton,0
22.29,13.21,0.021,0.017,0.172,39.72,20.54,46,loam,maïs,0
15.76,39.56,0.058,0.010,0.272,54.74,18.31,10,loam,maïs,1
20.49,0.85,0.388,0.399,0.417,0.00,21.72,93,loam,maïs,1
28.84,122.45,0.256,0.230,0.558,148.36,28.77,78,argileux,mil,1
19.15,0.95,0.204,0.224,0.226,16.69,14.45,18,sableux,riz,0
20.08,20.87,0.303,0.276,0.411,70.51,20.77,89,sableux,riz,1
17.02,8.84,0.193,0.157,0.334,60.53,16.51,111,loam,coton,1
17.03,27.40,0.282,0.106,0.437,22.58,16.21,2,sableux,mil,1
28.14,64.14,0.175,0.292,0.302,71.03,28.86,80,argileux,mil,1
27.63,10.33,0.141,0.115,0.318,0.00,27.76,51,argileux,sorgho,0
23.05,88.32,0.265,0.187,0.477,133.31,19.91,100,argileux,maïs,1
28.16,0.92,0.346,0.227,0.427,41.22,28.41,73,argileux,maïs,1
15.43,13.69,0.154,0.285,0.303,26.16,13.31,85,sableux,coton,0
17.59,2.04,0.661,0.722,0.548,18.34,15.97,14,sableux,arachide,1
17.23,16.32,0.392,0.406,0.374,0.00,17.03,68,loam,coton,1
26.70,73.07,0.192,0.187,0.497,117.87,30.76,19,sableux,mil,1
29.94,9.51,0.636,0.735,0.684,33.74,27.19,102,sableux,maïs,3
35.16,6.56,0.080,0.131,0.248,17.29,34.87,70,loam,mil,0
22.91,15.14,0.503,0.568,0.444,33.17,24.11,90,loam,maïs,1
24.56,12.94,0.229,0.280,0.299,34.13,21.54,91,loam,arachide,0
19.33,44.68,0.338,0.193,0.494,35.31,23.22,60,sableux,sorgho,1
25.83,5.43,0.556,0.549,0.468,41.17,28.24,95,sableux,mil,3
29.27,26.63,0.227,0.326,0.399,60.30,30.28,64,loam,arachide,1
10.23,9.05,0.390,0.354,0.420,42.98,10.00,76,argileux,maïs,1
32.32,13.76,0.398,0.411,0.529,54.60,32.63,64,sableux,mil,1
23.87,1.55,0.169,0.298,0.303,12.88,21.80,11,sableux,arachide,0
23.54,12.25,0.138,0.010,0.217,28.67,22.93,67,sableux,coton,0
27.92,1.08,0.149,0.146,0.395,25.73,27.60,90,sableux,riz,0
23.38,65.26,0.224,0.177,0.411,56.25,24.60,16,argileux,mil,3
27.96,83.00,0.252,0.358,0.524,104.07,27.96,112,sableux,maïs,1
20.46,22.73,0.135,0.164,0.254,22.73,21.54,100,argileux,riz,0
36.98,7.31,0.359,0.417,0.407,11.76,40.00,78,argileux,arachide,1
18.90,12.74,0.405,0.385,0.460,4.56,20.65,44,argileux,sorgho,1
19.05,3.91,0.212,0.108,0.282,6.92,20.42,9,sableux,maïs,0
32.87,62.42,0.137,0.162,0.318,76.16,29.67,54,sableux,maïs,1
24.07,3.57,0.181,0.241,0.260,0.00,22.94,71,sableux,maïs,0
17.27,6.67,0.478,0.344,0.442,0.00,19.90,79,sableux,maïs,1
24.83,0.66,0.134,0.062,0.223,7.44,26.89,43,sableux,coton,0
25.95,7.38,0.261,0.259,0.332,51.06,26.55,61,sableux,mil,1
18.77,23.32,0.100,0.010,0.349,21.53,19.81,37,loam,coton,4
34.46,187.59,0.191,0.392,0.508,165.32,35.69,34,argileux,arachide,1
31.02,39.39,0.183,0.233,0.398,53.89,31.77,27,loam,maïs,1
32.03,105.78,0.039,0.077,0.515,93.62,31.36,75,loam,riz,0
18.93,33.08,0.307,0.543,0.463,66.60,17.29,44,loam,riz,1
19.42,0.16,0.498,0.517,0.486,0.00,20.48,94,argileux,mil,1
22.84,10.32,0.403,0.357,0.392,7.16,22.01,2,sableux,arachide,2
10.81,25.62,0.573,0.594,0.611,33.60,10.00,78,loam,sorgho,1
29.99,72.87,0.543,0.589,0.578,49.87,32.19,14,loam,mil,1
28.35,0.08,0.397,0.444,0.482,56.77,28.85,68,sableux,arachide,1
22.00,0.81,0.179,0.112,0.353,0.00,20.22,79,sableux,riz,0
11.98,97.34,0.055,0.039,0.208,120.46,11.42,111,sableux,riz,1
19.41,37.52,0.230,0.404,0.291,49.09,19.64,91,argileux,riz,0
31.27,1.17,0.292,0.321,0.364,43.51,31.81,23,argileux,coton,1
27.62,22.66,0.357,0.369,0.489,30.28,29.39,112,loam,arachide,1
20.27,1.57,0.422,0.408,0.411,58.28,21.01,22,sableux,coton,1
16.85,68.01,0.428,0.436,0.584,91.11,15.18,42,loam,arachide,1
16.85,14.94,0.548,0.515,0.518,22.59,17.41,41,sableux,sorgho,1
16.74,18.15,0.481,0.447,0.543,20.80,15.32,98,loam,maïs,1
22.49,43.54,0.261,0.406,0.359,64.33,21.59,71,argileux,mil,1
14.81,11.94,0.242,0.211,0.407,15.49,14.06,97,sableux,sorgho,1
32.75,0.19,0.089,0.135,0.217,8.47,28.44,83,loam,sorgho,3
26.20,120.27,0.613,0.623,0.794,162.97,30.30,114,argileux,mil,3
13.61,23.47,0.206,0.254,0.358,24.27,17.42,68,argileux,coton,1
20.57,3.99,0.453,0.368,0.545,34.21,19.76,112,argileux,mil,1
26.04,59.95,0.460,0.477,0.543,63.98,27.03,42,loam,riz,1
23.23,25.35,0.091,0.018,0.224,20.83,25.05,112,argileux,coton,0
31.67,0.84,0.288,0.387,0.369,54.66,31.79,116,argileux,maïs,1
35.15,29.34,0.535,0.543,0.652,48.34,34.31,89,sableux,arachide,3
22.70,2.24,0.238,0.169,0.300,0.00,22.43,84,loam,coton,0
30.49,94.88,0.242,0.242,0.483,103.56,31.17,62,loam,coton,1
16.62,127.53,0.175,0.218,0.424,147.06,17.42,60,sableux,mil,1
19.68,21.96,0.669,0.674,0.592,71.71,17.08,73,sableux,mil,1
26.48,19.10,0.135,0.243,0.292,35.45,25.97,66,sableux,mil,0
31.55,6.60,0.374,0.449,0.424,18.53,28.49,97,loam,mil,1
31.34,78.17,0.037,0.010,0.301,81.42,30.92,64,sableux,coton,1
21.52,111.29,0.416,0.572,0.632,123.54,23.35,22,argileux,riz,1
22.30,43.46,0.228,0.205,0.434,72.94,20.17,113,sableux,riz,1
27.78,4.14,0.373,0.313,0.392,39.44,27.45,26,sableux,mil,1
31.73,9.86,0.256,0.402,0.402,8.64,31.37,66,sableux,sorgho,1
25.38,17.54,0.306,0.340,0.355,31.00,25.07,83,loam,riz,1
26.56,36.45,0.465,0.313,0.508,42.65,26.50,52,sableux,arachide,1
23.24,8.08,0.441,0.366,0.454,11.84,22.23,21,argileux,arachide,1
11.83,38.03,0.402,0.403,0.472,13.58,10.00,45,loam,coton,1
13.12,4.89,0.314,0.342,0.398,18.84,17.22,82,sableux,sorgho,1
18.53,3.40,0.126,0.214,0.183,46.64,17.30,73,sableux,maïs,0
17.62,4.94,0.268,0.323,0.344,33.01,15.06,7,sableux,maïs,0
22.85,20.40,0.264,0.379,0.487,21.05,25.38,56,argileux,coton,1
13.71,22.11,0.235,0.262,0.340,27.46,13.09,108,argileux,arachide,0
24.74,2.81,0.457,0.592,0.411,22.60,22.81,42,loam,riz,1
5.80,12.48,0.277,0.178,0.295,70.38,10.00,31,sableux,coton,1
30.14,3.33,0.156,0.173,0.362,28.38,27.31,65,argileux,arachide,0
33.83,1.03,0.211,0.241,0.290,0.00,31.81,95,loam,riz,0
35.43,14.72,0.139,0.090,0.333,18.90,38.02,100,loam,coton,0
25.97,16.55,0.146,0.220,0.250,26.58,23.98,62,loam,maïs,0
22.28,12.82,0.160,0.143,0.317,24.52,20.53,84,sableux,mil,0
26.48,2.96,0.357,0.409,0.350,20.47,27.45,37,sableux,arachide,0
27.68,8.17,0.146,0.138,0.292,10.87,26.78,45,loam,mil,0
29.67,105.89,0.559,0.561,0.686,121.78,27.48,44,sableux,maïs,1
25.92,1.51,0.432,0.541,0.450,45.05,29.69,4,loam,coton,2
29.05,7.85,0.053,0.010,0.271,55.19,29.62,33,argileux,arachide,1
31.25,13.31,0.643,0.705,0.625,19.91,30.35,15,loam,sorgho,1
22.44,7.33,0.136,0.160,0.309,30.60,21.31,79,loam,sorgho,0
27.15,29.77,0.169,0.169,0.341,21.19,30.12,102,argileux,sorgho,0
25.74,4.58,0.495,0.535,0.519,0.00,22.59,108,argileux,riz,1
24.64,54.97,0.180,0.231,0.392,71.92,21.07,23,argileux,mil,1
7.14,17.05,0.621,0.521,0.654,80.28,10.00,13,sableux,arachide,1
28.19,3.04,0.219,0.271,0.275,8.23,29.61,84,sableux,maïs,0
28.49,11.59,0.178,0.304,0.349,31.54,27.72,91,loam,sorgho,0
26.10,24.59,0.184,0.273,0.376,22.18,28.90,14,loam,arachide,2
23.20,2.91,0.206,0.293,0.283,9.40,25.09,4,sableux,coton,0
23.11,13.75,0.096,0.010,0.247,4.70,28.64,114,loam,arachide,0
29.32,10.14,0.495,0.562,0.499,17.42,27.52,62,argileux,riz,1
33.52,2.74,0.466,0.462,0.495,22.90,37.99,110,argileux,arachide,1
27.73,48.09,0.152,0.010,0.349,53.98,25.47,28,argileux,arachide,1
31.51,27.63,0.261,0.214,0.328,19.05,32.62,38,argileux,mil,0
28.50,25.93,0.321,0.312,0.529,55.52,28.67,95,sableux,coton,1
30.40,41.37,0.057,0.033,0.290,59.64,32.09,96,loam,coton,1
18.09,8.63,0.128,0.184,0.310,20.32,15.32,79,sableux,riz,0
24.51,28.77,0.307,0.483,0.313,19.69,25.57,32,argileux,arachide,0
35.71,37.61,0.385,0.261,0.560,46.25,35.34,10,argileux,maïs,1
18.30,10.11,0.112,0.139,0.308,32.78,22.64,86,loam,coton,0
22.89,4.35,0.322,0.366,0.383,0.00,21.41,34,argileux,sorgho,1
24.44,42.89,0.548,0.588,0.576,57.83,23.55,112,loam,riz,3
33.43,19.44,0.088,0.112,0.260,22.09,26.61,55,sableux,coton,0
31.60,19.44,0.198,0.169,0.353,19.52,32.21,91,loam,maïs,1
28.34,12.22,0.277,0.288,0.391,18.63,28.40,13,argileux,riz,1
7.84,277.12,0.631,0.613,0.883,297.80,10.00,4,sableux,maïs,2
23.23,8.52,0.429,0.349,0.503,9.78,25.01,57,argileux,maïs,1
29.59,14.16,0.082,0.257,0.266,25.52,31.08,59,argileux,coton,0
22.98,2.45,0.186,0.336,0.358,17.57,21.48,13,argileux,mil,1
21.57,50.68,0.134,0.200,0.269,64.79,18.65,53,argileux,riz,1
24.19,16.99,0.129,0.058,0.317,16.39,19.15,80,loam,mil,0
31.42,0.10,0.118,0.200,0.268,28.46,33.32,11,sableux,arachide,0
40.15,14.00,0.381,0.404,0.361,40.14,39.82,58,argileux,arachide,1
30.83,15.74,0.281,0.274,0.350,20.31,30.01,82,argileux,sorgho,1
24.63,0.36,0.195,0.180,0.368,1.71,25.98,44,sableux,riz,0
18.75,15.73,0.247,0.175,0.398,39.02,18.18,42,sableux,arachide,1
19.92,6.29,0.045,0.109,0.208,37.58,23.53,32,argileux,maïs,0
25.37,8.31,0.321,0.412,0.351,71.60,25.41,52,argileux,mil,1
19.19,5.71,0.356,0.471,0.358,19.59,21.62,50,sableux,riz,1
26.63,7.97,0.512,0.428,0.503,2.01,28.40,93,argileux,maïs,3
21.01,9.83,0.266,0.339,0.401,49.81,19.50,66,sableux,mil,1
16.45,18.76,0.158,0.157,0.398,32.06,15.88,17,argileux,riz,1
33.09,26.04,0.339,0.431,0.435,42.59,33.97,28,argileux,arachide,1
19.71,23.16,0.187,0.286,0.274,47.00,22.68,26,sableux,riz,0
22.29,26.22,0.325,0.277,0.472,74.68,24.39,87,argileux,sorgho,1
21.04,75.87,0.361,0.298,0.481,101.29,19.53,17,loam,sorgho,1
18.03,48.07,0.311,0.366,0.361,42.65,17.61,11,sableux,riz,1
24.20,59.46,0.088,0.212,0.325,64.19,21.45,79,loam,sorgho,1
33.74,11.59,0.178,0.188,0.301,8.28,30.73,12,sableux,coton,1
33.01,36.83,0.471,0.496,0.487,25.82,33.17,92,argileux,mil,1
32.01,15.03,0.403,0.245,0.421,77.53,32.05,86,sableux,riz,1
21.54,21.01,0.231,0.368,0.366,51.83,22.80,27,sableux,sorgho,1
14.34,1.87,0.180,0.082,0.249,26.46,12.08,13,sableux,mil,0
28.28,1.06,0.187,0.222,0.273,12.24,26.33,116,sableux,sorgho,0
24.31,109.07,0.215,0.176,0.448,79.94,23.61,86,loam,arachide,1
24.54,2.87,0.114,0.010,0.242,0.00,22.70,45,argileux,coton,0
27.47,8.59,0.311,0.256,0.468,33.84,25.23,17,argileux,arachide,1
23.65,3.16,0.358,0.420,0.457,16.32,20.77,74,loam,arachide,1
28.97,10.19,0.449,0.307,0.502,0.00,29.74,89,loam,mil,1
15.98,18.37,0.352,0.422,0.436,18.07,17.29,3,argileux,arachide,1
28.55,21.55,0.105,0.107,0.331,0.00,25.88,117,sableux,coton,0
20.62,23.38,0.492,0.645,0.528,70.76,19.64,38,loam,coton,1
32.93,18.59,0.431,0.374,0.472,4.43,33.30,108,argileux,maïs,1
25.47,15.17,0.247,0.197,0.447,27.30,21.72,44,argileux,mil,1
25.16,3.81,0.122,0.054,0.289,0.00,25.12,72,sableux,sorgho,0
27.33,3.61,0.129,0.160,0.217,13.86,30.48,82,argileux,riz,0
31.19,11.81,0.296,0.385,0.395,23.61,34.99,8,loam,riz,1
30.13,44.98,0.396,0.384,0.469,60.34,29.58,106,loam,arachide,1
33.75,7.27,0.507,0.496,0.567,58.63,32.61,80,argileux,mil,1
21.96,6.95,0.629,0.794,0.607,16.16,21.17,56,sableux,maïs,1
32.74,1.75,0.106,0.222,0.285,29.40,35.31,52,loam,maïs,0
13.17,14.96,0.052,0.102,0.225,14.79,14.56,40,argileux,sorgho,0
33.55,75.30,0.476,0.433,0.638,87.55,33.87,101,loam,coton,1
23.46,11.13,0.156,0.309,0.429,41.03,25.37,5,sableux,riz,1
30.18,73.78,0.108,0.175,0.378,105.50,29.85,119,argileux,riz,3
33.77,16.34,0.614,0.797,0.642,60.97,35.07,0,argileux,sorgho,2
30.68,37.07,0.281,0.212,0.428,65.01,32.69,97,argileux,coton,1
34.51,23.40,0.422,0.469,0.496,47.61,35.61,48,sableux,maïs,1
25.99,28.99,0.487,0.565,0.563,43.43,27.72,22,loam,arachide,1
17.44,51.88,0.634,0.649,0.662,41.62,17.86,120,loam,arachide,3
19.49,9.55,0.556,0.472,0.560,15.00,17.27,74,sableux,sorgho,1
28.39,28.05,0.347,0.395,0.463,40.37,28.72,110,argileux,coton,1
26.88,93.45,0.325,0.265,0.492,130.70,29.63,67,argileux,maïs,1
33.33,77.70,0.415,0.477,0.569,95.28,35.80,79,loam,arachide,1
31.81,18.73,0.076,0.100,0.248,59.85,32.16,84,sableux,riz,1
42.35,6.83,0.425,0.345,0.480,9.58,40.00,12,argileux,coton,1
16.08,26.38,0.154,0.033,0.286,73.28,15.11,90,sableux,riz,1
41.04,5.92,0.485,0.458,0.414,0.00,40.00,33,sableux,coton,1
32.09,5.80,0.113,0.163,0.360,29.88,33.04,11,loam,riz,1
22.89,7.93,0.385,0.307,0.404,0.00,22.60,116,sableux,riz,1
18.06,2.15,0.389,0.341,0.540,21.23,18.16,64,sableux,arachide,1
30.46,0.64,0.143,0.265,0.342,0.00,33.11,85,loam,mil,0
24.81,31.56,0.292,0.223,0.336,37.60,26.72,80,argileux,mil,0
27.99,133.48,0.143,0.055,0.434,163.51,26.64,51,loam,arachide,1
29.55,52.38,0.389,0.383,0.433,103.57,27.88,100,loam,mil,1
24.05,13.00,0.377,0.285,0.512,12.88,23.60,77,loam,arachide,1
35.40,13.18,0.261,0.248,0.388,32.66,37.71,93,sableux,arachide,1
23.40,12.62,0.107,0.066,0.266,28.64,25.20,83,argileux,mil,0
21.03,22.09,0.336,0.352,0.462,67.62,19.28,31,loam,coton,1
19.02,5.54,0.407,0.350,0.434,55.37,21.25,43,loam,mil,1
23.35,44.12,0.329,0.343,0.424,94.45,23.73,39,loam,mil,1
22.21,17.05,0.465,0.626,0.526,28.02,24.79,7,argileux,arachide,2
29.94,0.34,0.035,0.125,0.248,22.89,28.62,55,argileux,mil,0
23.92,55.48,0.357,0.403,0.513,52.06,23.98,101,loam,riz,1
20.66,8.96,0.126,0.115,0.272,3.40,21.23,72,sableux,sorgho,0
24.48,27.83,0.590,0.581,0.571,66.37,25.16,29,loam,maïs,1
29.26,22.80,0.047,0.062,0.287,21.16,28.17,110,argileux,mil,0
22.03,15.41,0.417,0.397,0.422,34.52,23.14,25,loam,coton,0
21.78,21.18,0.045,0.078,0.379,14.22,19.57,23,sableux,sorgho,1
31.64,60.91,0.243,0.201,0.426,85.64,30.42,14,sableux,sorgho,1
17.39,10.16,0.328,0.254,0.448,9.14,16.98,61,loam,arachide,1
23.66,8.53,0.136,0.219,0.282,12.10,20.04,53,sableux,coton,0
16.74,36.67,0.096,0.186,0.367,42.89,17.41,88,loam,riz,1
19.61,1.57,0.149,0.159,0.359,10.73,21.04,49,loam,coton,0
19.19,7.35,0.486,0.435,0.542,20.08,17.09,10,argileux,riz,1
29.58,19.79,0.196,0.258,0.328,0.00,30.60,64,sableux,maïs,0
25.29,39.59,0.581,0.571,0.508,13.76,26.40,92,loam,mil,3
7.94,23.20,0.248,0.249,0.389,42.09,10.00,99,loam,sorgho,1
35.78,1.46,0.071,0.087,0.258,0.00,36.10,4,argileux,sorgho,0
39.04,7.26,0.383,0.272,0.464,8.60,39.33,64,argileux,arachide,1
19.82,1.51,0.491,0.452,0.445,52.77,20.45,8,loam,riz,2
29.09,6.77,0.353,0.440,0.356,54.89,28.65,96,argileux,coton,1
37.76,14.81,0.408,0.334,0.506,0.00,38.84,79,argileux,arachide,1
23.65,7.81,0.143,0.134,0.203,24.77,25.98,67,loam,arachide,0
31.22,40.97,0.279,0.359,0.417,71.84,27.98,13,argileux,coton,1
26.99,12.51,0.104,0.015,0.248,0.00,27.23,51,sableux,coton,0
28.76,14.00,0.055,0.010,0.336,20.88,30.16,75,loam,coton,0
23.97,1.74,0.302,0.376,0.427,25.23,24.37,19,sableux,coton,1
27.69,14.09,0.267,0.348,0.337,29.77,29.75,60,loam,arachide,0
29.00,49.22,0.048,0.154,0.336,82.91,30.28,52,sableux,riz,1
19.15,12.74,0.467,0.322,0.474,31.75,20.60,5,sableux,riz,2
18.63,64.13,0.176,0.059,0.418,145.89,20.24,112,loam,sorgho,1
21.95,15.92,0.413,0.336,0.515,33.53,18.59,32,sableux,coton,1
23.14,14.12,0.494,0.505,0.492,32.83,23.95,48,argileux,mil,1
25.70,25.76,0.095,0.258,0.265,41.75,24.86,56,loam,arachide,0
20.07,38.27,0.170,0.110,0.285,49.93,20.84,48,argileux,riz,0
26.15,22.08,0.279,0.168,0.379,43.79,25.50,29,loam,maïs,1
30.94,15.98,0.351,0.404,0.375,40.99,30.94,93,loam,sorgho,1
32.66,43.29,0.412,0.301,0.503,51.52,33.11,120,argileux,maïs,1
22.09,28.67,0.548,0.521,0.631,29.64,24.45,39,argileux,mil,1
28.07,1.13,0.049,0.117,0.197,24.40,28.43,21,argileux,coton,0
21.51,1.76,0.263,0.425,0.310,7.32,21.18,42,loam,coton,0
25.58,14.71,0.412,0.374,0.431,53.64,23.31,95,argileux,mil,1
25.28,15.93,0.660,0.659,0.725,26.78,25.71,23,sableux,arachide,1
13.60,51.25,0.237,0.223,0.403,74.22,14.29,54,argileux,riz,1
28.28,30.07,0.017,0.172,0.168,60.93,24.84,105,argileux,arachide,1
15.90,12.16,0.357,0.362,0.415,11.48,15.74,56,loam,arachide,1
27.14,0.27,0.321,0.287,0.439,11.57,25.24,41,sableux,riz,1
28.04,268.90,0.507,0.676,0.780,300.56,28.46,22,sableux,riz,4
23.05,116.33,0.479,0.498,0.626,121.22,19.89,67,sableux,arachide,1
28.51,36.72,0.404,0.241,0.520,52.09,23.66,87,argileux,maïs,1
26.45,1.60,0.395,0.338,0.442,2.12,24.61,55,argileux,mil,1
25.03,17.64,0.080,0.137,0.296,59.42,23.58,47,loam,riz,1
17.42,10.79,0.214,0.168,0.268,30.05,18.98,94,sableux,mil,0
21.99,41.90,0.418,0.380,0.513,46.12,24.62,21,sableux,riz,1
15.66,96.12,0.119,0.217,0.442,118.99,12.22,57,argileux,maïs,1
19.48,3.63,0.342,0.290,0.394,0.00,20.59,110,loam,riz,1
17.48,1.68,0.082,0.083,0.257,26.88,17.83,62,loam,mil,0
27.24,4.24,0.398,0.423,0.420,55.84,25.14,53,sableux,sorgho,1
23.19,22.48,0.322,0.336,0.388,35.40,24.19,37,argileux,coton,1
23.54,4.55,0.400,0.419,0.438,66.13,23.97,19,sableux,arachide,1
20.11,96.69,0.429,0.353,0.611,113.04,21.60,85,sableux,arachide,1
26.72,68.18,0.382,0.502,0.451,86.56,28.68,114,loam,sorgho,1
23.95,61.19,0.252,0.300,0.429,93.93,20.94,88,sableux,maïs,1
34.88,4.77,0.261,0.306,0.363,24.74,34.36,106,argileux,maïs,1
26.80,3.61,0.415,0.508,0.523,15.73,24.53,118,argileux,coton,1
35.16,28.95,0.012,0.010,0.244,41.90,32.18,91,sableux,coton,0
28.65,24.59,0.033,0.010,0.132,12.92,26.68,94,loam,maïs,0
25.68,6.18,0.590,0.538,0.541,11.13,26.10,43,argileux,arachide,1
31.76,25.46,0.291,0.361,0.395,54.20,32.39,101,argileux,sorgho,1
33.57,36.22,0.183,0.044,0.359,32.85,32.19,103,argileux,arachide,1
18.95,25.06,0.164,0.191,0.376,38.32,22.20,78,loam,riz,1
25.44,2.14,0.464,0.477,0.448,0.00,25.83,60,sableux,mil,1
28.67,1.90,0.245,0.206,0.373,15.08,27.25,23,argileux,maïs,1
21.18,23.09,0.246,0.315,0.403,0.00,21.78,99,loam,riz,1
19.33,18.61,0.432,0.339,0.487,0.00,17.80,51,argileux,riz,1
22.26,30.68,0.215,0.349,0.303,58.57,22.07,15,loam,coton,1
22.34,8.99,0.313,0.273,0.355,27.00,20.11,71,argileux,mil,1
28.89,0.60,0.158,0.055,0.259,0.00,28.73,86,sableux,arachide,0
19.75,143.58,0.243,0.211,0.436,167.91,20.09,49,sableux,riz,1
30.43,2.18,0.480,0.396,0.464,12.20,26.90,52,loam,coton,1
22.69,27.87,0.017,0.010,0.231,30.10,25.25,36,argileux,riz,4
19.50,7.06,0.282,0.271,0.423,23.89,18.50,86,loam,coton,1
24.63,85.01,0.203,0.072,0.486,114.64,21.11,103,sableux,maïs,1
20.01,8.49,0.295,0.436,0.412,21.60,22.79,36,sableux,coton,1
26.08,0.28,0.339,0.422,0.412,14.30,27.97,64,loam,mil,1
14.77,14.37,0.293,0.232,0.380,34.31,14.45,39,argileux,maïs,1
22.05,75.57,0.294,0.348,0.467,113.78,25.76,87,sableux,riz,1
28.23,27.81,0.545,0.563,0.510,52.52,30.61,13,argileux,mil,1
26.76,1.81,0.096,0.217,0.303,26.59,25.49,17,loam,riz,0
26.13,6.11,0.064,0.083,0.184,36.54,23.49,82,sableux,arachide,0
32.67,26.51,0.312,0.264,0.493,57.50,29.38,19,argileux,sorgho,1
20.61,12.27,0.081,0.086,0.274,34.20,19.49,84,argileux,maïs,0
24.88,3.87,0.459,0.466,0.577,0.00,26.16,28,loam,arachide,1
29.99,31.08,0.370,0.487,0.425,45.52,29.77,31,argileux,riz,1
22.58,17.98,0.118,0.233,0.304,0.00,22.43,115,sableux,arachide,0
24.20,210.53,0.395,0.415,0.699,211.96,24.49,110,argileux,arachide,1
38.47,11.34,0.188,0.086,0.290,21.04,37.99,10,sableux,coton,0
21.35,30.57,0.151,0.131,0.277,35.01,18.15,58,loam,sorgho,0
16.99,11.29,0.170,0.116,0.310,33.23,18.92,109,sableux,sorgho,0
24.42,27.42,0.194,0.015,0.322,63.92,23.80,55,argileux,arachide,1
20.75,47.65,0.721,0.797,0.747,52.29,17.70,55,sableux,riz,1
25.23,23.67,0.080,0.134,0.270,27.80,24.58,102,loam,sorgho,0
34.55,3.60,0.319,0.342,0.438,0.76,35.50,110,sableux,arachide,1
28.08,7.25,0.492,0.327,0.511,11.74,28.26,38,argileux,riz,1
31.32,0.58,0.212,0.310,0.382,17.69,31.93,102,loam,arachide,1
11.41,41.96,0.039,0.162,0.203,47.92,12.62,28,sableux,maïs,0
26.34,15.47,0.279,0.211,0.375,0.00,23.82,22,loam,maïs,1
20.48,33.31,0.141,0.244,0.361,43.18,17.83,46,argileux,maïs,1
27.00,25.81,0.412,0.479,0.447,63.72,28.62,107,argileux,sorgho,1
28.26,27.47,0.261,0.306,0.414,51.43,28.00,28,sableux,mil,1
29.25,25.35,0.621,0.645,0.623,34.94,33.09,46,loam,arachide,1
29.03,33.75,0.256,0.215,0.362,40.17,26.39,34,argileux,riz,1
29.02,26.61,0.484,0.567,0.517,46.39,30.53,47,loam,riz,1
23.65,25.23,0.247,0.258,0.389,31.16,22.94,24,sableux,arachide,1
28.27,1.67,0.126,0.102,0.238,12.20,27.50,66,argileux,coton,0
27.27,5.57,0.408,0.537,0.526,18.52,29.33,56,loam,sorgho,1
25.04,9.62,0.472,0.444,0.449,20.02,22.68,29,sableux,maïs,1
25.53,44.42,0.615,0.615,0.591,55.93,24.14,9,sableux,sorgho,2
22.96,26.65,0.053,0.103,0.284,49.84,26.21,1,sableux,maïs,0
24.10,8.32,0.427,0.308,0.420,1.29,25.20,12,loam,mil,1
12.04,23.28,0.353,0.535,0.468,60.41,12.51,42,loam,sorgho,1
20.54,15.57,0.320,0.381,0.279,16.21,22.37,79,argileux,arachide,0
25.96,4.91,0.538,0.523,0.516,17.39,24.24,87,sableux,mil,3
26.80,7.49,0.284,0.312,0.318,65.73,24.58,108,loam,arachide,1
29.43,68.32,0.415,0.380,0.484,92.09,30.43,32,sableux,arachide,3
24.33,43.08,0.303,0.164,0.542,75.91,24.48,25,loam,maïs,1
21.08,10.47,0.067,0.105,0.145,0.00,19.91,69,sableux,sorgho,0
26.84,74.39,0.182,0.288,0.408,89.61,26.46,91,loam,mil,1
24.04,46.06,0.105,0.069,0.306,53.20,22.43,115,argileux,riz,1
28.60,13.55,0.149,0.135,0.468,29.37,27.65,84,sableux,sorgho,1
18.58,5.05,0.221,0.145,0.378,34.02,20.31,12,loam,maïs,1
29.06,1.64,0.569,0.634,0.483,28.04,30.46,31,loam,maïs,1
25.54,19.65,0.221,0.290,0.330,22.23,26.56,70,argileux,sorgho,0
32.25,24.59,0.555,0.538,0.579,58.42,32.06,19,sableux,maïs,1
31.48,4.71,0.069,0.238,0.280,38.78,35.10,58,loam,riz,2
25.88,10.81,0.335,0.365,0.377,20.68,25.78,74,argileux,maïs,1
25.88,3.30,0.317,0.250,0.387,45.50,21.80,22,loam,riz,1
17.78,21.55,0.189,0.241,0.376,47.03,17.89,31,argileux,arachide,1
21.86,14.81,0.455,0.473,0.467,17.10,24.68,73,loam,mil,1
21.45,65.07,0.501,0.402,0.617,79.90,22.36,39,sableux,sorgho,1
34.14,3.10,0.448,0.367,0.451,9.18,33.60,42,argileux,mil,1
28.31,16.39,0.622,0.482,0.556,0.02,27.23,16,loam,sorgho,1
21.72,23.18,0.152,0.210,0.366,58.92,19.92,71,sableux,coton,1
25.00,48.58,0.259,0.298,0.366,77.19,28.29,62,sableux,coton,1
20.67,3.05,0.510,0.514,0.499,27.73,17.47,83,argileux,maïs,3
26.28,56.52,0.690,0.593,0.726,49.94,24.89,79,argileux,mil,1
36.06,36.98,0.343,0.373,0.395,75.16,35.10,71,loam,mil,1
25.59,7.40,0.246,0.362,0.417,12.20,27.13,21,loam,riz,1
39.54,4.57,0.318,0.194,0.359,36.14,39.08,103,loam,sorgho,1
35.69,8.32,0.120,0.171,0.309,1.89,39.54,25,argileux,mil,0
21.34,20.68,0.240,0.264,0.399,67.11,21.95,26,sableux,arachide,1
36.27,28.43,0.577,0.618,0.577,48.26,35.90,108,loam,mil,3
25.16,50.04,0.769,0.811,0.720,69.10,24.50,5,loam,sorgho,2
21.23,7.92,0.319,0.175,0.435,0.00,21.81,22,loam,arachide,1
20.12,14.86,0.289,0.322,0.456,48.19,21.65,4,sableux,arachide,1
27.63,31.02,0.317,0.311,0.512,23.79,28.04,54,loam,maïs,1
23.93,39.09,0.119,0.164,0.220,25.43,25.17,64,argileux,riz,2
17.94,6.04,0.217,0.198,0.364,29.42,16.85,104,loam,arachide,1
27.24,34.41,0.143,0.209,0.374,42.15,26.15,93,loam,maïs,1
20.26,12.24,0.200,0.230,0.281,30.24,21.11,31,argileux,arachide,0
31.49,24.15,0.253,0.222,0.323,10.51,33.78,78,argileux,maïs,3
15.41,49.48,0.299,0.251,0.423,44.21,14.32,23,loam,arachide,1
14.78,186.73,0.092,0.109,0.503,169.11,13.17,115,argileux,arachide,3
15.68,8.23,0.245,0.255,0.368,15.92,17.27,37,loam,riz,1
27.89,14.18,0.501,0.468,0.553,25.11,29.33,56,argileux,mil,1
25.59,20.98,0.351,0.343,0.394,66.52,25.46,68,loam,coton,3
34.72,34.16,0.278,0.524,0.410,29.04,40.00,19,argileux,coton,1
21.18,73.82,0.476,0.599,0.478,94.27,21.58,109,loam,sorgho,2
29.81,39.12,0.138,0.210,0.388,52.33,28.38,82,argileux,arachide,1
18.84,51.50,0.185,0.183,0.368,85.91,18.22,87,argileux,riz,1
18.70,70.69,0.224,0.415,0.400,95.94,20.04,2,argileux,coton,1
27.05,1.17,0.516,0.549,0.504,39.38,24.88,27,argileux,arachide,1
23.42,12.64,0.227,0.334,0.322,40.39,24.13,18,loam,mil,0
25.03,9.85,0.665,0.702,0.644,48.21,24.68,112,argileux,arachide,3
16.81,45.03,0.632,0.649,0.529,87.36,20.13,111,argileux,coton,3
39.43,32.38,0.220,0.261,0.330,61.35,39.06,49,sableux,maïs,1
28.80,18.26,0.530,0.597,0.477,0.00,32.64,111,sableux,coton,3
17.57,14.94,0.309,0.407,0.468,23.38,18.90,10,loam,arachide,1
24.40,64.08,0.173,0.175,0.491,99.00,19.45,15,loam,riz,1
30.59,84.84,0.547,0.601,0.628,101.70,35.00,66,sableux,riz,1
22.83,4.68,0.393,0.428,0.429,28.19,22.25,78,sableux,maïs,1
13.54,21.20,0.506,0.406,0.587,47.31,14.40,39,loam,mil,1
28.16,124.33,0.126,0.010,0.467,167.77,24.66,22,loam,mil,1
19.17,14.65,0.092,0.055,0.283,48.35,21.26,55,argileux,mil,0
23.97,255.16,0.208,0.174,0.590,282.01,26.80,47,sableux,arachide,1
27.86,6.40,0.238,0.091,0.331,0.43,27.68,87,argileux,riz,0
22.42,7.69,0.207,0.338,0.313,18.73,21.88,17,loam,maïs,0
26.77,17.58,0.128,0.193,0.289,53.79,27.05,116,loam,maïs,2
32.67,99.04,0.436,0.288,0.604,111.18,32.91,33,sableux,sorgho,1
29.15,19.58,0.078,0.148,0.241,25.07,31.52,90,loam,maïs,0
27.26,37.03,0.283,0.241,0.390,74.35,29.15,19,loam,riz,1
28.20,19.28,0.200,0.328,0.304,24.14,27.18,40,argileux,arachide,0
25.95,21.88,0.194,0.149,0.256,34.58,26.17,34,loam,coton,0
28.21,19.94,0.220,0.209,0.307,0.00,26.44,24,argileux,sorgho,0
24.49,38.61,0.243,0.276,0.309,86.59,23.24,66,argileux,riz,1
25.76,13.71,0.395,0.440,0.441,56.02,28.16,118,argileux,riz,1
19.19,6.11,0.064,0.010,0.146,45.15,16.25,24,sableux,coton,0
31.89,106.95,0.481,0.554,0.561,167.80,29.84,26,sableux,coton,1
33.44,35.39,0.053,0.136,0.275,45.65,31.04,64,loam,maïs,0
23.17,21.71,0.130,0.135,0.408,22.34,24.57,27,argileux,maïs,1
39.09,194.63,0.296,0.336,0.603,236.85,37.50,54,argileux,mil,1
14.17,52.07,0.375,0.386,0.479,76.54,15.46,69,sableux,coton,1
23.47,146.67,0.138,0.294,0.355,126.77,22.67,54,sableux,riz,1
27.42,107.95,0.342,0.350,0.565,103.26,28.63,48,sableux,coton,1
14.86,54.67,0.018,0.010,0.351,66.32,19.56,92,loam,sorgho,1
24.43,19.59,0.254,0.260,0.315,32.17,25.40,60,loam,maïs,0
25.38,8.11,0.064,0.012,0.247,71.50,23.83,102,argileux,coton,1
20.86,63.26,0.316,0.339,0.498,90.53,18.88,55,sableux,coton,1
31.17,11.04,0.239,0.391,0.406,13.31,29.18,72,argileux,mil,1
30.02,50.63,0.036,0.010,0.287,73.61,31.03,23,sableux,sorgho,1
24.75,14.14,0.456,0.415,0.525,35.10,20.49,44,sableux,riz,1
25.34,31.60,0.209,0.175,0.359,50.71,27.99,47,loam,riz,1
32.83,1.91,0.287,0.370,0.316,33.34,34.04,34,argileux,maïs,0
29.67,21.04,0.554,0.628,0.548,19.53,28.48,52,sableux,maïs,1
24.40,31.46,0.459,0.521,0.483,54.99,24.40,94,loam,maïs,1
32.21,14.38,0.243,0.124,0.292,0.00,32.09,58,argileux,riz,0
27.29,35.93,0.302,0.326,0.403,75.28,26.71,100,sableux,riz,1
22.65,38.84,0.164,0.129,0.343,79.62,22.79,87,loam,maïs,1
24.23,1.27,0.182,0.292,0.289,11.70,23.00,99,loam,mil,0
21.51,179.96,0.378,0.374,0.727,219.86,22.01,10,argileux,mil,1
25.45,15.95,0.400,0.463,0.476,49.68,23.96,118,sableux,sorgho,1
23.93,19.82,0.226,0.247,0.401,46.36,25.53,73,argileux,mil,1
23.94,23.63,0.492,0.432,0.522,14.59,25.85,76,argileux,mil,1
18.22,7.96,0.175,0.262,0.363,2.17,17.96,5,sableux,maïs,1
34.95,11.47,0.380,0.299,0.323,18.10,37.94,5,argileux,mil,0
32.53,4.15,0.010,0.085,0.201,23.52,31.51,67,argileux,arachide,0
28.13,18.49,0.099,0.266,0.318,37.77,24.89,65,sableux,riz,0
17.00,20.88,0.646,0.666,0.571,0.00,14.84,79,sableux,sorgho,1
20.42,19.26,0.168,0.285,0.287,11.13,20.74,2,argileux,riz,0
24.49,6.22,0.048,0.010,0.156,0.00,23.01,94,loam,arachide,0
24.65,11.34,0.252,0.298,0.439,14.64,26.71,28,sableux,maïs,1
17.30,0.70,0.235,0.175,0.291,5.52,14.89,14,sableux,riz,0
20.24,34.07,0.246,0.237,0.399,66.29,16.94,16,argileux,mil,1
27.23,27.16,0.369,0.372,0.510,50.07,28.12,100,argileux,maïs,1
17.24,17.45,0.167,0.065,0.298,7.58,18.14,45,sableux,sorgho,3
27.95,23.58,0.118,0.191,0.269,6.65,28.70,40,sableux,coton,0
41.16,51.33,0.100,0.151,0.229,38.38,40.00,58,argileux,mil,0
24.88,66.44,0.280,0.138,0.387,67.80,28.18,62,sableux,riz,1
19.21,5.78,0.199,0.100,0.390,53.01,20.17,29,loam,riz,1
23.42,137.28,0.252,0.250,0.466,152.16,22.25,55,sableux,riz,1
22.76,88.37,0.430,0.347,0.562,137.97,23.95,48,argileux,arachide,1
19.82,8.53,0.432,0.389,0.462,45.64,20.64,91,loam,mil,1
27.60,2.78,0.529,0.527,0.576,24.03,28.26,45,argileux,mil,1
33.62,0.80,0.231,0.357,0.339,0.00,32.93,20,argileux,coton,0
30.72,5.47,0.507,0.468,0.452,4.19,31.21,83,loam,coton,3
24.43,184.74,0.089,0.141,0.480,183.81,23.57,44,argileux,maïs,1
15.76,0.81,0.255,0.263,0.383,34.74,16.84,73,loam,coton,1
27.29,23.60,0.237,0.215,0.401,70.74,29.75,63,loam,sorgho,4
35.84,13.23,0.160,0.190,0.385,24.18,34.15,5,loam,riz,1
39.23,205.07,0.504,0.469,0.772,212.85,37.21,64,sableux,maïs,1
30.35,50.85,0.427,0.341,0.538,54.89,33.08,72,sableux,maïs,1
24.17,59.68,0.238,0.258,0.398,68.54,25.17,69,sableux,sorgho,1
23.23,5.64,0.308,0.152,0.454,47.85,23.11,33,loam,coton,1
34.24,5.60,0.139,0.084,0.305,18.34,32.17,22,argileux,sorgho,0
41.62,19.05,0.138,0.240,0.280,44.02,39.10,13,sableux,sorgho,0
21.80,3.06,0.757,0.679,0.672,0.00,23.07,71,loam,arachide,1
21.35,40.04,0.334,0.456,0.347,45.02,23.84,97,loam,sorgho,0
29.74,25.43,0.437,0.411,0.396,20.15,30.84,89,argileux,arachide,1
27.51,10.39,0.344,0.329,0.354,76.03,27.88,23,loam,mil,1
24.63,7.47,0.107,0.067,0.144,21.64,26.38,86,argileux,coton,0
34.64,24.43,0.077,0.122,0.232,68.31,33.65,53,sableux,mil,1
25.29,29.09,0.664,0.669,0.715,75.65,24.19,101,sableux,mil,3
25.25,24.62,0.189,0.033,0.322,44.27,26.07,59,sableux,mil,0
17.56,0.43,0.078,0.067,0.097,0.00,18.53,29,sableux,riz,0
20.18,1.64,0.287,0.218,0.387,59.35,19.25,101,loam,maïs,1
12.61,29.41,0.231,0.210,0.347,53.76,13.63,105,argileux,coton,1
21.60,8.79,0.511,0.540,0.539,7.49,18.99,0,sableux,mil,2
39.82,12.38,0.104,0.087,0.228,48.39,38.79,33,argileux,sorgho,0
12.56,19.31,0.252,0.244,0.375,33.96,10.87,19,loam,coton,1
26.12,16.29,0.225,0.230,0.346,35.50,25.64,110,loam,sorgho,0
29.15,12.36,0.233,0.336,0.379,2.55,29.39,53,argileux,sorgho,1
32.43,7.11,0.201,0.129,0.377,26.85,30.00,111,sableux,maïs,1
26.06,26.82,0.433,0.496,0.504,58.09,25.13,103,loam,coton,1
11.66,49.81,0.647,0.644,0.692,77.49,10.00,100,loam,sorgho,3
30.47,28.10,0.292,0.358,0.396,55.90,28.27,28,sableux,arachide,1
31.99,18.55,0.128,0.079,0.287,37.40,32.35,86,argileux,riz,0
16.05,14.67,0.069,0.082,0.286,63.87,16.20,54,sableux,riz,1
28.29,5.46,0.395,0.367,0.412,4.12,28.96,49,argileux,riz,1
6.73,37.55,0.198,0.132,0.214,77.38,10.00,116,argileux,coton,1
23.65,41.68,0.616,0.693,0.652,24.50,24.72,67,argileux,arachide,1
20.68,6.27,0.156,0.050,0.319,20.63,19.43,70,loam,arachide,0
28.82,12.87,0.087,0.101,0.220,63.39,31.44,72,argileux,sorgho,1
37.97,264.60,0.569,0.489,0.803,286.22,40.00,5,argileux,maïs,2
29.56,11.63,0.375,0.412,0.472,6.54,31.51,52,argileux,arachide,1
27.43,39.98,0.270,0.146,0.353,34.15,28.75,1,sableux,riz,1
25.30,10.02,0.250,0.213,0.371,41.40,26.60,15,loam,arachide,1
21.51,9.69,0.107,0.053,0.259,62.93,22.27,17,loam,sorgho,4
33.75,7.82,0.287,0.289,0.355,8.00,37.86,119,argileux,maïs,1
36.57,48.62,0.361,0.174,0.390,41.23,34.15,58,argileux,coton,1
26.82,0.35,0.085,0.263,0.197,56.20,25.32,57,argileux,mil,1
37.10,48.69,0.018,0.032,0.239,87.14,34.50,120,loam,arachide,1
17.02,19.02,0.198,0.182,0.339,68.27,15.82,38,sableux,riz,1
35.89,32.40,0.451,0.397,0.425,59.69,38.98,12,loam,arachide,1
28.62,2.49,0.125,0.010,0.221,1.58,25.08,62,sableux,maïs,1
32.85,49.03,0.232,0.271,0.428,68.84,37.19,54,argileux,sorgho,1
26.95,19.02,0.181,0.227,0.254,63.14,26.76,89,argileux,riz,1
19.34,68.54,0.120,0.164,0.335,53.76,19.63,62,argileux,riz,1
15.64,16.52,0.409,0.482,0.494,14.43,16.35,76,argileux,coton,1
21.54,8.98,0.253,0.361,0.390,49.52,22.92,68,sableux,coton,1
24.81,0.77,0.530,0.469,0.485,33.49,23.47,6,sableux,arachide,2
24.00,36.24,0.149,0.055,0.310,43.87,18.82,28,sableux,sorgho,0
23.20,31.41,0.335,0.376,0.491,29.79,20.49,26,sableux,sorgho,1
20.49,20.79,0.120,0.163,0.263,29.41,22.91,12,argileux,riz,0
26.38,15.65,0.220,0.141,0.376,2.21,26.25,119,argileux,maïs,1
35.95,2.79,0.418,0.651,0.490,0.00,36.35,19,sableux,maïs,1
27.12,19.71,0.245,0.296,0.461,0.00,28.02,72,loam,maïs,1
26.93,18.32,0.293,0.124,0.408,49.77,28.82,98,loam,riz,0
37.72,9.69,0.170,0.154,0.307,2.32,39.21,0,loam,arachide,0
31.38,30.56,0.010,0.149,0.218,57.77,33.21,74,sableux,sorgho,1
22.72,36.44,0.140,0.220,0.303,96.15,24.76,80,sableux,arachide,1
35.33,43.64,0.243,0.400,0.447,39.65,34.96,113,argileux,mil,1
26.32,11.21,0.219,0.323,0.298,0.00,25.40,81,argileux,coton,0
25.91,86.71,0.348,0.281,0.441,92.33,29.90,31,argileux,mil,2
23.98,26.44,0.469,0.408,0.567,39.87,20.68,98,sableux,mil,3
35.85,8.16,0.508,0.516,0.519,9.35,36.19,26,sableux,mil,1
17.08,22.18,0.297,0.282,0.332,20.79,17.60,94,sableux,maïs,0
23.39,141.80,0.207,0.076,0.544,139.94,24.19,99,sableux,mil,1
23.48,62.35,0.401,0.345,0.457,102.83,21.61,20,sableux,riz,1
28.15,8.80,0.516,0.611,0.556,0.00,27.29,117,sableux,sorgho,3
25.39,2.99,0.057,0.037,0.173,24.36,24.51,91,sableux,maïs,0
21.15,5.81,0.388,0.251,0.442,0.73,20.17,80,sableux,maïs,1
18.33,0.19,0.147,0.161,0.342,30.82,19.40,46,loam,arachide,0
26.63,38.70,0.416,0.353,0.521,46.86,28.54,38,sableux,maïs,1
26.18,17.28,0.394,0.467,0.456,29.03,30.32,4,argileux,maïs,4
19.05,3.67,0.160,0.142,0.360,15.21,16.50,41,loam,maïs,0
26.94,26.57,0.302,0.235,0.538,11.86,27.20,69,sableux,arachide,1
28.05,10.06,0.440,0.404,0.444,15.36,29.76,110,argileux,coton,1
34.54,1.44,0.197,0.141,0.356,11.68,34.54,42,sableux,sorgho,1
22.94,129.05,0.221,0.214,0.578,168.51,24.16,19,loam,arachide,1
32.21,39.91,0.302,0.269,0.373,41.04,32.19,42,sableux,mil,1
22.57,72.29,0.080,0.035,0.287,94.62,22.78,37,loam,maïs,1
23.15,34.29,0.639,0.721,0.648,27.93,23.21,47,loam,sorgho,1
17.09,51.31,0.401,0.380,0.460,77.08,21.01,41,sableux,arachide,1
31.29,7.60,0.167,0.129,0.311,30.34,30.33,5,loam,maïs,0
21.90,61.47,0.237,0.212,0.464,96.35,20.54,74,loam,sorgho,1
27.44,25.81,0.438,0.427,0.454,31.99,29.68,31,sableux,mil,1
35.10,50.62,0.080,0.076,0.309,68.43,36.83,19,argileux,riz,1
20.01,6.36,0.197,0.172,0.362,6.76,15.70,104,argileux,sorgho,1
26.74,35.24,0.293,0.388,0.440,26.04,27.89,63,sableux,riz,1
30.31,125.10,0.351,0.345,0.570,173.97,33.45,87,sableux,mil,1
22.04,12.80,0.307,0.341,0.348,70.42,24.57,33,argileux,arachide,1
22.46,7.45,0.234,0.356,0.248,46.49,22.99,66,loam,mil,0
30.22,40.32,0.507,0.554,0.497,74.74,30.82,36,loam,mil,1
20.55,9.69,0.019,0.010,0.273,18.96,19.91,92,sableux,riz,0
22.09,51.94,0.412,0.409,0.552,102.67,21.30,2,sableux,sorgho,2
22.35,16.28,0.198,0.181,0.360,39.97,22.77,49,sableux,coton,1
21.19,0.17,0.413,0.265,0.332,25.53,23.39,116,argileux,riz,0
19.76,4.32,0.306,0.302,0.412,19.49,17.44,96,argileux,arachide,1
19.66,4.11,0.165,0.135,0.271,12.41,22.30,62,loam,sorgho,0
30.75,9.52,0.080,0.024,0.259,0.00,28.54,40,argileux,mil,0
19.76,68.30,0.384,0.452,0.608,56.43,20.38,97,sableux,coton,1
29.04,1.98,0.296,0.362,0.443,0.00,30.64,75,sableux,mil,1
28.93,7.79,0.048,0.010,0.281,80.85,27.36,71,sableux,maïs,1
26.52,16.02,0.021,0.022,0.276,29.36,28.98,2,sableux,mil,0
24.59,0.29,0.280,0.299,0.350,20.20,24.52,115,sableux,coton,0
34.62,17.53,0.062,0.043,0.244,0.00,36.59,100,sableux,sorgho,3
32.43,18.70,0.315,0.388,0.409,42.94,32.48,105,argileux,maïs,1
23.57,15.18,0.120,0.250,0.250,39.99,25.14,41,argileux,riz,0
33.24,12.01,0.160,0.207,0.297,28.90,32.97,99,loam,arachide,0
28.52,5.13,0.126,0.010,0.247,25.38,27.96,85,sableux,mil,0
25.98,6.06,0.380,0.388,0.452,33.01,24.67,105,argileux,arachide,1
15.74,5.84,0.592,0.500,0.532,44.63,13.28,94,sableux,riz,3
21.55,42.34,0.405,0.355,0.466,52.03,17.78,118,argileux,sorgho,1
32.78,0.55,0.480,0.596,0.522,12.27,33.50,31,sableux,riz,1
14.98,75.19,0.081,0.225,0.377,90.21,14.19,72,sableux,sorgho,1
37.36,11.36,0.267,0.190,0.288,61.86,39.98,16,loam,riz,1
19.19,3.61,0.088,0.135,0.206,19.98,17.54,34,loam,mil,0
31.20,155.77,0.683,0.660,0.861,193.47,30.39,5,sableux,coton,2
31.58,13.55,0.222,0.244,0.228,47.30,30.71,3,sableux,riz,0
19.58,10.57,0.267,0.315,0.389,40.21,21.35,16,loam,mil,1
31.90,28.06,0.120,0.172,0.258,20.00,33.72,51,sableux,coton,0
26.27,0.75,0.461,0.390,0.505,2.68,28.32,120,sableux,sorgho,1
28.51,1.79,0.571,0.572,0.482,0.00,29.77,60,sableux,sorgho,1
26.68,16.89,0.213,0.303,0.425,32.30,26.90,41,sableux,mil,1
20.48,0.16,0.216,0.010,0.292,19.93,18.03,82,loam,riz,0
21.76,90.72,0.566,0.575,0.727,117.81,22.34,84,argileux,maïs,3
27.69,43.26,0.090,0.010,0.299,36.62,27.43,10,loam,riz,0
25.27,14.22,0.254,0.207,0.430,39.30,26.64,36,sableux,riz,1
23.97,60.92,0.490,0.518,0.518,71.74,22.12,47,loam,mil,1
16.68,18.72,0.296,0.373,0.519,58.02,16.21,114,loam,riz,1
36.94,17.89,0.734,0.778,0.722,28.58,40.00,55,sableux,mil,1
31.57,22.80,0.157,0.128,0.344,10.60,32.76,51,sableux,riz,0
23.35,113.95,0.453,0.588,0.606,123.70,21.16,115,argileux,coton,1
21.63,38.56,0.185,0.206,0.341,68.02,23.97,47,sableux,mil,1
34.87,42.98,0.219,0.278,0.406,37.57,32.94,76,loam,riz,1
17.41,61.48,0.514,0.637,0.646,53.34,18.59,58,argileux,mil,1
23.26,23.64,0.269,0.267,0.413,48.85,21.71,10,argileux,maïs,1
34.51,0.41,0.313,0.404,0.444,0.00,33.11,29,loam,maïs,1
28.22,17.15,0.159,0.301,0.242,31.84,26.48,100,argileux,mil,0
28.71,49.65,0.178,0.046,0.374,61.85,28.21,95,sableux,coton,1
24.30,43.01,0.597,0.510,0.578,51.40,26.28,114,loam,arachide,3
22.23,3.32,0.310,0.217,0.395,34.95,22.90,18,sableux,maïs,1
32.92,46.61,0.140,0.094,0.340,52.81,32.43,84,argileux,mil,1
23.42,12.92,0.216,0.163,0.372,40.57,25.61,103,argileux,coton,1
40.48,54.09,0.307,0.297,0.461,51.59,40.00,58,sableux,arachide,1
26.19,32.20,0.195,0.172,0.300,49.67,26.86,92,loam,sorgho,0
18.71,35.75,0.427,0.352,0.548,60.79,20.47,95,sableux,sorgho,1
24.12,10.41,0.127,0.207,0.311,9.17,26.79,68,argileux,sorgho,0
27.75,6.60,0.270,0.234,0.311,28.51,24.97,85,sableux,riz,0
26.15,16.12,0.429,0.343,0.494,71.91,25.91,8,argileux,arachide,2
34.65,4.92,0.095,0.046,0.279,15.23,33.62,113,argileux,arachide,0
22.91,55.57,0.218,0.028,0.386,63.31,21.84,81,loam,maïs,1
19.59,4.48,0.130,0.031,0.337,22.07,21.92,114,loam,arachide,0
26.26,19.92,0.163,0.247,0.307,34.21,26.57,7,loam,coton,0
34.80,18.19,0.385,0.367,0.484,21.29,34.84,75,loam,sorgho,1
26.27,1.23,0.326,0.267,0.359,13.34,25.14,41,loam,coton,1
26.17,24.94,0.495,0.412,0.529,34.29,26.92,88,argileux,coton,1
19.18,24.55,0.389,0.394,0.470,75.95,18.28,52,sableux,mil,1
24.08,20.04,0.151,0.188,0.424,32.68,25.21,53,loam,maïs,1
14.82,2.22,0.087,0.010,0.234,10.33,14.19,25,sableux,mil,0
21.29,24.63,0.130,0.087,0.307,34.13,20.09,69,sableux,maïs,0
25.79,26.74,0.217,0.188,0.370,0.00,25.41,16,sableux,maïs,1
26.76,66.15,0.328,0.179,0.531,55.54,25.51,75,argileux,mil,1
33.51,71.90,0.362,0.324,0.561,114.45,34.13,38,argileux,maïs,1
16.43,4.86,0.386,0.398,0.347,33.77,20.59,24,loam,mil,0
15.27,10.26,0.459,0.457,0.433,0.79,12.21,117,sableux,coton,1
27.30,10.81,0.277,0.355,0.326,46.88,26.95,58,loam,mil,0
16.38,104.59,0.288,0.250,0.577,139.65,18.00,87,sableux,riz,1
23.91,1.16,0.147,0.183,0.294,29.16,19.48,118,argileux,riz,0
32.05,14.20,0.140,0.031,0.367,13.27,34.68,119,argileux,coton,1
31.33,1.19,0.285,0.460,0.355,14.71,31.53,95,argileux,riz,1
24.68,28.69,0.325,0.272,0.342,72.69,26.04,101,sableux,riz,1
27.94,12.47,0.584,0.577,0.605,0.00,25.07,118,argileux,sorgho,3
25.65,37.27,0.294,0.358,0.411,38.41,27.40,117,argileux,sorgho,1
25.60,18.18,0.271,0.348,0.273,11.68,28.33,67,loam,coton,0
26.73,2.67,0.265,0.232,0.303,31.10,26.60,52,argileux,riz,0
10.16,79.50,0.335,0.311,0.461,91.44,10.00,95,sableux,sorgho,1
16.72,2.34,0.241,0.202,0.258,0.00,17.81,41,argileux,maïs,0
21.17,0.08,0.424,0.408,0.491,1.22,21.29,90,loam,mil,2
17.27,31.05,0.151,0.247,0.372,65.90,18.10,81,loam,arachide,1
37.16,3.47,0.259,0.203,0.317,30.39,37.81,11,loam,coton,0
20.49,0.76,0.408,0.360,0.481,12.36,16.82,55,loam,maïs,1
23.89,26.33,0.091,0.248,0.268,36.50,20.75,118,loam,arachide,0
19.26,46.87,0.529,0.309,0.585,69.82,25.69,81,sableux,sorgho,3
28.17,39.32,0.333,0.293,0.407,51.67,29.86,116,argileux,sorgho,1
22.02,12.91,0.263,0.221,0.416,25.00,20.18,9,argileux,mil,1
17.72,2.29,0.026,0.029,0.174,18.22,18.17,93,sableux,maïs,0
24.85,0.58,0.676,0.647,0.586,35.36,23.99,88,sableux,riz,3
30.82,12.56,0.106,0.075,0.213,4.26,28.27,111,sableux,arachide,0
23.99,34.71,0.374,0.562,0.427,48.64,24.81,88,loam,arachide,1
21.99,9.15,0.126,0.199,0.328,60.76,22.09,2,sableux,maïs,1
29.81,4.57,0.384,0.297,0.432,45.76,29.49,41,argileux,riz,1
25.83,26.12,0.311,0.253,0.478,27.95,27.66,18,sableux,sorgho,1
33.34,33.31,0.520,0.477,0.493,52.48,35.32,95,sableux,mil,0
23.48,5.39,0.682,0.640,0.612,0.00,24.28,91,argileux,mil,3
27.31,7.88,0.421,0.396,0.492,0.00,26.76,9,loam,arachide,2
8.82,13.60,0.160,0.143,0.424,28.65,10.00,87,loam,sorgho,1
20.81,2.02,0.526,0.551,0.529,19.33,18.44,70,sableux,maïs,1
17.55,11.27,0.138,0.202,0.279,35.79,18.69,49,sableux,coton,0
25.38,7.25,0.281,0.212,0.402,37.85,27.92,1,loam,riz,1
18.80,2.37,0.759,0.753,0.623,14.05,19.24,84,argileux,sorgho,3
22.04,13.43,0.242,0.245,0.354,59.77,23.17,86,argileux,coton,1
29.32,1.73,0.196,0.211,0.255,0.00,28.95,70,argileux,coton,0
20.66,35.56,0.232,0.263,0.403,69.33,22.10,6,argileux,coton,1
31.38,4.10,0.062,0.010,0.252,2.20,33.61,81,loam,maïs,0
35.45,2.52,0.188,0.190,0.365,34.25,33.70,66,argileux,riz,0
20.02,0.63,0.204,0.225,0.370,36.50,19.85,99,sableux,coton,1
24.79,82.32,0.548,0.497,0.687,104.91,20.35,65,argileux,sorgho,1
27.23,0.14,0.530,0.506,0.528,13.41,25.27,58,sableux,arachide,1
23.17,11.35,0.449,0.480,0.555,31.32,21.53,96,argileux,coton,1
28.85,8.02,0.614,0.579,0.585,9.08,30.46,17,argileux,arachide,1
19.64,35.84,0.221,0.126,0.331,41.61,16.76,83,sableux,sorgho,0
19.57,14.91,0.323,0.496,0.437,55.13,17.46,65,argileux,sorgho,1
39.32,10.34,0.368,0.335,0.550,9.63,40.00,71,loam,sorgho,1
23.35,6.00,0.513,0.590,0.529,19.76,21.49,36,argileux,mil,1
29.08,26.28,0.469,0.417,0.559,28.41,34.24,16,argileux,riz,1
23.95,3.49,0.467,0.572,0.472,16.12,28.52,56,loam,mil,1
30.23,2.30,0.398,0.476,0.485,11.91,29.00,67,sableux,coton,1
31.54,14.45,0.156,0.164,0.279,46.27,34.53,93,loam,arachide,0
28.87,1.36,0.321,0.263,0.420,1.83,31.64,99,argileux,coton,1
12.82,27.87,0.486,0.558,0.488,85.27,10.93,114,argileux,maïs,1
27.68,29.22,0.060,0.074,0.304,57.93,27.65,74,loam,mil,1
31.36,24.00,0.298,0.267,0.454,41.10,31.03,41,argileux,mil,1
20.25,7.29,0.231,0.010,0.358,22.82,20.23,82,loam,maïs,1
27.94,38.62,0.494,0.501,0.506,68.02,24.43,109,loam,mil,1
21.53,19.19,0.301,0.272,0.445,28.57,22.77,120,sableux,coton,1
29.77,13.11,0.243,0.211,0.349,18.82,28.35,117,argileux,riz,0
20.09,37.48,0.523,0.464,0.590,55.49,18.51,75,sableux,maïs,1
30.12,37.19,0.259,0.197,0.373,53.86,31.64,52,loam,sorgho,2
16.41,13.57,0.216,0.156,0.341,10.71,13.56,48,argileux,arachide,0
20.36,51.68,0.160,0.131,0.328,55.22,20.79,79,argileux,coton,1
31.51,0.97,0.056,0.214,0.216,40.85,29.80,114,sableux,maïs,0
16.99,41.67,0.412,0.577,0.564,72.43,15.22,26,argileux,mil,1
23.65,133.28,0.158,0.109,0.495,126.24,28.27,101,sableux,maïs,1
20.36,7.75,0.419,0.292,0.438,10.05,21.02,14,argileux,sorgho,1
19.95,22.63,0.345,0.354,0.356,29.72,21.92,102,sableux,coton,1
15.63,70.37,0.145,0.149,0.364,127.36,10.28,15,loam,mil,1
22.43,15.22,0.133,0.209,0.311,38.97,20.47,63,sableux,mil,0
24.28,64.01,0.159,0.124,0.456,63.03,24.41,9,sableux,maïs,1
20.51,14.36,0.129,0.186,0.284,19.54,20.35,36,loam,coton,0
28.49,106.17,0.228,0.241,0.511,141.24,29.78,27,loam,sorgho,1
34.59,12.89,0.171,0.126,0.376,50.22,36.05,90,loam,riz,1
14.88,20.08,0.228,0.299,0.317,22.33,15.45,24,loam,riz,0
27.34,15.55,0.199,0.268,0.287,34.20,29.64,9,loam,maïs,0
26.47,26.58,0.268,0.291,0.522,33.44,22.32,109,sableux,sorgho,1
24.81,0.01,0.702,0.655,0.571,23.20,25.55,13,sableux,sorgho,1
30.41,3.03,0.336,0.327,0.483,26.48,30.10,32,argileux,maïs,1
24.27,25.86,0.267,0.296,0.407,44.76,23.53,98,loam,coton,1
21.75,31.92,0.312,0.329,0.374,76.59,20.47,81,argileux,riz,1
19.92,1.69,0.263,0.191,0.322,20.05,17.25,84,sableux,coton,0
18.37,49.80,0.402,0.509,0.422,95.41,18.71,80,loam,arachide,1
26.87,31.93,0.692,0.666,0.726,61.18,29.30,28,sableux,maïs,1
34.62,3.93,0.221,0.181,0.261,28.30,32.74,29,sableux,riz,0
29.55,7.37,0.370,0.428,0.437,30.88,26.07,54,argileux,arachide,1
30.32,28.10,0.356,0.342,0.421,35.21,30.16,102,loam,sorgho,1
33.67,4.72,0.165,0.080,0.358,12.22,31.31,84,argileux,riz,0
26.77,56.57,0.212,0.185,0.418,76.41,27.37,65,argileux,sorgho,1
24.52,9.13,0.195,0.172,0.364,80.58,28.65,91,loam,sorgho,0
9.75,4.48,0.362,0.382,0.428,10.63,10.00,49,sableux,coton,1
21.70,36.34,0.303,0.282,0.451,71.52,23.55,67,sableux,coton,1
29.06,0.36,0.140,0.120,0.320,28.73,28.97,36,argileux,riz,0
23.34,18.25,0.239,0.257,0.461,48.49,23.54,46,sableux,sorgho,2
19.24,4.79,0.313,0.220,0.427,10.67,21.55,48,sableux,maïs,1
24.94,3.17,0.257,0.219,0.304,0.00,20.16,59,argileux,arachide,0
28.95,54.04,0.545,0.522,0.571,81.69,30.37,18,loam,coton,1
17.26,163.79,0.146,0.112,0.378,205.77,16.28,28,argileux,sorgho,1
19.48,11.74,0.157,0.126,0.251,15.88,17.96,61,argileux,maïs,0
19.21,8.21,0.342,0.418,0.395,3.96,21.74,3,loam,riz,1
26.04,7.04,0.204,0.044,0.326,8.31,26.51,30,loam,maïs,0
28.05,66.15,0.691,0.770,0.620,125.12,27.33,47,sableux,sorgho,1
17.97,4.40,0.420,0.544,0.415,7.16,17.04,34,sableux,maïs,1
19.31,4.43,0.458,0.470,0.430,19.13,21.02,27,loam,mil,1
20.12,2.53,0.282,0.303,0.443,10.36,19.27,103,argileux,sorgho,1
31.18,28.82,0.159,0.143,0.398,29.13,32.32,21,sableux,sorgho,1
22.56,5.70,0.015,0.010,0.128,32.16,23.20,78,loam,mil,0
34.03,9.98,0.252,0.182,0.451,8.22,34.17,30,loam,riz,1
23.89,19.25,0.070,0.010,0.319,31.98,23.40,23,argileux,mil,0
32.77,45.92,0.103,0.090,0.259,90.97,33.45,49,sableux,coton,1
15.73,41.84,0.336,0.331,0.520,44.11,15.56,46,loam,coton,1
25.04,16.60,0.196,0.118,0.369,0.00,23.01,20,sableux,riz,3
17.36,5.22,0.382,0.394,0.433,36.53,19.90,103,sableux,maïs,1
30.86,2.12,0.145,0.074,0.224,28.58,33.09,22,sableux,maïs,0
19.11,2.03,0.105,0.093,0.322,7.98,20.56,20,argileux,coton,1
13.99,33.82,0.334,0.360,0.499,57.00,15.21,99,sableux,riz,1
37.80,0.90,0.255,0.049,0.384,25.95,34.65,78,sableux,coton,1
13.28,17.15,0.378,0.388,0.440,57.05,10.27,92,argileux,mil,1
26.79,72.47,0.427,0.502,0.512,70.91,30.23,4,sableux,mil,1
20.21,5.19,0.485,0.489,0.483,51.18,22.04,70,argileux,sorgho,1
31.05,2.91,0.273,0.154,0.361,11.24,30.22,3,loam,maïs,1
24.11,36.07,0.347,0.313,0.532,46.25,24.68,78,sableux,sorgho,1
18.25,63.25,0.131,0.115,0.307,62.30,18.37,70,sableux,coton,1
34.12,10.50,0.178,0.150,0.278,22.42,34.46,118,argileux,maïs,0
29.51,27.54,0.178,0.247,0.380,26.58,29.47,68,loam,riz,1
29.73,14.92,0.392,0.383,0.410,25.00,27.16,90,argileux,arachide,1
22.35,57.43,0.093,0.152,0.406,54.99,21.76,27,argileux,arachide,1
30.36,114.88,0.305,0.263,0.488,140.56,28.72,51,sableux,arachide,0
15.59,25.39,0.219,0.172,0.389,70.15,18.41,63,argileux,riz,1
31.02,49.02,0.477,0.410,0.585,91.29,30.71,76,sableux,coton,1
26.81,45.75,0.295,0.278,0.451,41.38,24.54,25,argileux,maïs,1
31.42,14.34,0.098,0.055,0.293,0.00,33.19,88,sableux,mil,0
34.72,4.69,0.190,0.265,0.303,17.48,33.18,5,sableux,sorgho,0
26.05,33.93,0.588,0.782,0.609,33.79,23.57,92,argileux,coton,3
29.16,52.80,0.136,0.075,0.358,84.65,28.26,97,sableux,arachide,1
32.79,40.96,0.703,0.658,0.773,76.53,34.84,62,loam,riz,1
24.50,4.34,0.083,0.130,0.263,15.54,25.46,26,argileux,sorgho,0
22.28,21.11,0.181,0.289,0.388,41.92,21.45,26,sableux,sorgho,1
18.68,1.78,0.338,0.260,0.340,6.08,18.34,68,loam,arachide,0
17.57,11.01,0.336,0.220,0.521,39.27,17.19,27,sableux,sorgho,4
13.96,14.80,0.439,0.369,0.563,43.91,17.52,108,loam,coton,1
26.37,93.48,0.182,0.186,0.407,113.10,29.41,3,sableux,sorgho,1
24.53,9.38,0.117,0.049,0.290,13.51,22.68,99,sableux,coton,0
28.09,8.66,0.347,0.236,0.461,54.98,31.01,95,sableux,coton,1
33.42,25.79,0.306,0.237,0.396,60.64,34.20,62,loam,coton,1
33.10,14.98,0.157,0.065,0.291,13.84,34.21,45,loam,arachide,0
20.25,12.70,0.022,0.013,0.235,51.64,17.16,0,sableux,coton,1
22.70,117.29,0.356,0.400,0.680,160.12,22.18,44,argileux,riz,1
23.82,18.53,0.109,0.037,0.269,14.62,26.54,11,sableux,coton,0
34.57,19.77,0.265,0.179,0.327,17.69,32.21,112,argileux,mil,0
10.37,10.49,0.087,0.190,0.278,40.93,10.00,82,sableux,sorgho,0
23.77,26.08,0.196,0.410,0.401,61.73,20.55,55,sableux,mil,1
20.16,26.22,0.048,0.031,0.157,40.49,21.13,20,loam,mil,0
22.93,0.66,0.374,0.348,0.526,27.33,20.45,101,loam,sorgho,1
28.42,14.31,0.099,0.170,0.285,0.00,26.85,78,loam,arachide,0
28.39,1.83,0.126,0.195,0.317,0.00,30.53,36,argileux,coton,0
28.65,24.17,0.212,0.172,0.343,27.45,28.34,98,loam,riz,0
28.83,54.26,0.028,0.010,0.254,73.30,26.86,104,sableux,coton,1
26.11,38.56,0.533,0.484,0.510,21.61,28.29,58,argileux,riz,1
20.66,14.69,0.349,0.559,0.444,24.51,18.32,103,loam,sorgho,1
21.40,19.46,0.416,0.358,0.458,15.16,20.34,105,loam,mil,1
24.61,20.91,0.053,0.010,0.271,62.62,24.87,99,argileux,mil,1
27.93,12.67,0.194,0.162,0.431,24.02,28.03,16,sableux,coton,1
21.94,83.08,0.140,0.193,0.419,90.70,22.78,87,sableux,arachide,1
23.22,11.38,0.357,0.484,0.393,44.67,21.29,16,argileux,riz,1
22.27,4.90,0.174,0.131,0.338,17.82,20.88,90,sableux,sorgho,0
20.54,12.19,0.355,0.504,0.494,35.03,21.22,72,loam,sorgho,1
12.81,5.45,0.137,0.191,0.200,7.89,11.89,49,sableux,mil,0
16.28,21.35,0.130,0.226,0.375,29.57,16.16,51,sableux,coton,1
25.70,0.66,0.415,0.348,0.484,21.94,23.98,25,sableux,sorgho,1
20.82,1.00,0.259,0.289,0.355,65.42,19.78,39,sableux,arachide,1
28.73,45.31,0.161,0.218,0.372,29.58,29.89,35,loam,maïs,1
14.06,67.85,0.141,0.149,0.342,67.28,10.00,116,loam,mil,1
30.01,87.44,0.089,0.075,0.392,106.64,27.82,82,loam,riz,1
27.06,33.52,0.041,0.134,0.270,79.46,25.94,80,loam,riz,1
15.38,12.51,0.656,0.622,0.588,24.49,14.78,104,sableux,maïs,3
21.65,6.84,0.325,0.262,0.395,31.08,23.82,49,argileux,maïs,1
29.01,8.71,0.168,0.203,0.169,18.97,25.78,51,sableux,maïs,0
32.73,33.50,0.561,0.469,0.569,57.08,32.89,34,argileux,coton,1
32.83,9.24,0.279,0.215,0.396,24.08,28.72,15,sableux,maïs,1
27.14,35.47,0.357,0.349,0.521,31.83,22.78,44,sableux,maïs,1
20.51,19.02,0.439,0.580,0.419,32.17,20.31,73,sableux,arachide,1
30.78,22.68,0.121,0.256,0.223,62.90,28.97,96,argileux,coton,1
21.46,38.86,0.094,0.097,0.364,53.06,19.05,105,argileux,maïs,1
20.83,7.97,0.321,0.407,0.415,45.65,22.66,34,sableux,maïs,1
18.08,12.24,0.629,0.567,0.555,29.80,18.70,67,loam,riz,1
24.13,1.64,0.374,0.319,0.406,15.57,24.14,77,argileux,maïs,1
30.81,20.44,0.190,0.383,0.351,20.83,29.92,63,loam,sorgho,1
17.90,27.95,0.268,0.300,0.407,64.46,17.06,104,sableux,sorgho,1
18.88,34.77,0.125,0.253,0.275,58.48,18.76,59,argileux,arachide,1
22.10,66.00,0.309,0.295,0.469,58.75,21.82,14,sableux,arachide,1
31.98,22.67,0.305,0.292,0.476,92.69,30.25,23,argileux,sorgho,1
23.66,5.31,0.219,0.223,0.269,24.56,24.29,116,sableux,arachide,0
19.55,23.58,0.167,0.225,0.266,65.97,17.20,95,sableux,riz,1
25.51,5.55,0.299,0.312,0.362,29.00,27.83,0,argileux,mil,1
19.06,12.88,0.337,0.336,0.451,0.00,18.09,117,sableux,sorgho,4
28.09,4.16,0.080,0.010,0.264,0.00,29.49,82,argileux,sorgho,0
33.32,20.71,0.405,0.424,0.373,60.84,36.00,65,argileux,arachide,1
28.55,12.11,0.223,0.315,0.353,47.67,28.25,45,argileux,sorgho,1
23.06,2.80,0.223,0.171,0.287,7.24,23.36,76,loam,riz,0
23.59,8.10,0.180,0.139,0.357,19.42,22.74,88,loam,coton,1
29.76,26.03,0.313,0.210,0.422,28.64,31.31,120,argileux,coton,1
24.41,75.09,0.293,0.233,0.424,97.72,24.74,53,sableux,arachide,1
12.95,3.99,0.362,0.396,0.380,39.29,13.83,105,loam,mil,1
31.83,72.66,0.340,0.241,0.526,95.75,33.49,44,loam,arachide,1
19.40,15.89,0.283,0.287,0.399,42.53,20.54,58,loam,maïs,1
29.99,1.60,0.223,0.283,0.419,6.32,33.03,102,loam,mil,1
22.90,16.86,0.601,0.679,0.572,10.32,24.17,57,sableux,arachide,1
25.83,29.31,0.473,0.462,0.441,25.00,23.69,31,argileux,arachide,1
24.98,46.84,0.286,0.370,0.412,93.69,23.42,81,sableux,mil,1
29.00,6.21,0.244,0.227,0.288,12.82,31.44,105,argileux,maïs,0
19.92,27.71,0.245,0.321,0.438,62.08,17.41,2,argileux,sorgho,1
34.95,16.19,0.120,0.160,0.318,63.07,38.90,45,argileux,coton,1
28.96,9.55,0.183,0.196,0.293,1.70,30.18,20,sableux,riz,0
25.77,23.53,0.197,0.241,0.303,38.59,25.10,84,sableux,coton,0
28.52,9.37,0.222,0.135,0.363,20.48,26.68,60,argileux,coton,1
17.75,30.73,0.617,0.665,0.578,37.88,19.68,72,loam,mil,1
19.95,19.77,0.206,0.247,0.322,42.27,18.40,7,sableux,mil,0
13.09,11.76,0.557,0.478,0.556,48.88,10.51,95,sableux,maïs,3
33.03,43.86,0.148,0.181,0.343,88.68,34.60,117,argileux,mil,1
24.29,2.40,0.206,0.421,0.298,20.45,23.26,88,argileux,sorgho,0
23.87,18.76,0.189,0.323,0.277,58.15,24.40,60,sableux,arachide,1
26.60,24.02,0.350,0.342,0.451,63.53,22.15,7,argileux,riz,1
27.81,7.70,0.352,0.289,0.449,7.44,24.33,108,loam,arachide,1
29.86,6.29,0.454,0.425,0.494,1.53,31.84,120,argileux,coton,1
21.16,32.68,0.409,0.532,0.486,40.35,18.85,94,sableux,sorgho,2
22.80,7.51,0.481,0.493,0.570,42.35,23.52,61,argileux,sorgho,1
40.36,0.39,0.393,0.423,0.484,0.00,40.00,99,sableux,maïs,1
34.25,64.12,0.405,0.435,0.532,77.74,37.42,30,loam,sorgho,1
35.89,17.55,0.433,0.316,0.514,0.00,35.58,66,sableux,maïs,1
21.32,1.36,0.489,0.345,0.532,19.07,23.81,16,argileux,coton,1
27.23,10.60,0.393,0.528,0.467,22.40,27.36,17,loam,riz,1
21.05,36.71,0.337,0.273,0.464,38.45,18.30,27,loam,maïs,1
21.47,26.66,0.472,0.471,0.495,25.27,22.57,72,sableux,maïs,1
15.78,23.52,0.090,0.131,0.282,29.89,13.55,120,sableux,riz,0
18.94,3.54,0.468,0.312,0.457,13.67,21.64,42,sableux,coton,1
18.80,16.93,0.203,0.343,0.306,27.59,18.80,59,sableux,coton,0
34.37,9.72,0.473,0.644,0.457,29.55,34.00,62,sableux,coton,1
17.59,49.88,0.253,0.153,0.424,41.10,20.39,47,loam,coton,1
26.70,21.60,0.529,0.521,0.557,13.64,23.25,21,argileux,mil,1
20.43,0.84,0.162,0.010,0.231,25.45,17.78,120,loam,coton,0
26.49,6.60,0.447,0.387,0.498,43.63,23.03,102,argileux,coton,1
25.00,2.00,0.202,0.169,0.407,0.00,31.18,94,argileux,maïs,1
22.13,0.79,0.465,0.417,0.385,47.30,22.95,105,loam,arachide,1
29.16,130.21,0.200,0.314,0.476,167.43,24.61,4,sableux,mil,1
27.65,8.85,0.343,0.307,0.439,9.05,28.64,118,sableux,mil,2
22.65,50.73,0.300,0.391,0.340,45.39,22.46,117,sableux,maïs,0
19.93,29.05,0.145,0.204,0.252,75.66,17.26,118,sableux,maïs,1
21.19,13.14,0.304,0.249,0.367,40.43,22.12,16,argileux,riz,1
27.00,6.17,0.203,0.225,0.378,70.03,28.01,2,sableux,mil,1
29.98,32.08,0.357,0.216,0.445,72.93,29.50,60,argileux,sorgho,1
23.07,11.11,0.613,0.580,0.577,42.06,24.23,95,loam,arachide,3
23.42,25.33,0.133,0.032,0.311,43.29,25.23,37,loam,riz,3
29.86,2.27,0.268,0.334,0.397,13.02,30.82,15,sableux,arachide,1
31.09,56.62,0.484,0.523,0.617,101.11,29.57,40,argileux,riz,1
18.06,29.51,0.220,0.161,0.330,19.25,18.85,16,loam,riz,0
31.22,2.72,0.196,0.194,0.236,35.48,29.08,57,argileux,maïs,0
27.20,20.96,0.243,0.409,0.319,61.78,28.08,38,sableux,coton,1
20.75,21.84,0.344,0.306,0.394,35.87,19.14,104,loam,mil,1
27.69,20.70,0.253,0.274,0.463,24.12,28.25,91,loam,maïs,1
30.06,400.00,0.712,0.783,0.831,424.71,26.41,28,argileux,sorgho,4
21.95,0.44,0.518,0.603,0.510,7.31,23.26,48,argileux,riz,1
29.30,69.31,0.152,0.014,0.326,46.06,27.92,23,loam,mil,0
31.44,17.63,0.249,0.299,0.420,36.52,31.13,54,argileux,arachide,1
41.67,1.08,0.435,0.374,0.410,14.89,39.33,38,sableux,mil,1
25.85,4.70,0.408,0.385,0.420,40.79,25.70,16,sableux,coton,1
18.90,10.87,0.609,0.519,0.597,38.42,18.21,42,argileux,mil,1
33.71,32.71,0.538,0.523,0.607,59.64,34.57,14,sableux,arachide,1
16.55,23.85,0.037,0.081,0.330,44.23,18.69,15,argileux,coton,0
22.92,0.83,0.509,0.482,0.588,41.41,24.14,2,sableux,coton,2
20.60,6.42,0.092,0.165,0.318,28.09,19.90,88,loam,mil,0
25.90,22.35,0.147,0.068,0.298,27.58,29.69,2,sableux,maïs,0
33.83,18.57,0.641,0.587,0.545,21.41,33.13,69,sableux,arachide,1
28.54,49.65,0.192,0.125,0.486,74.79,28.48,114,argileux,riz,1
18.91,104.90,0.230,0.204,0.369,116.13,18.93,120,argileux,coton,1
22.34,38.03,0.179,0.216,0.396,27.97,22.79,16,loam,mil,1
24.25,11.59,0.319,0.309,0.384,58.23,26.38,1,argileux,riz,1
23.25,4.13,0.184,0.243,0.355,41.53,21.40,80,sableux,coton,0
27.37,15.63,0.230,0.214,0.272,19.22,29.91,105,loam,arachide,0
24.56,5.38,0.044,0.031,0.297,24.62,27.16,28,sableux,mil,0
30.57,29.88,0.245,0.186,0.400,54.78,33.19,92,argileux,mil,1
22.52,7.80,0.367,0.357,0.376,25.04,22.96,106,argileux,arachide,1
31.96,9.11,0.551,0.685,0.560,24.54,30.15,18,argileux,coton,1
29.02,11.94,0.333,0.339,0.427,41.93,29.88,41,sableux,coton,1
23.50,0.01,0.234,0.257,0.319,27.67,25.89,52,sableux,riz,0
14.05,7.52,0.494,0.301,0.582,6.40,13.95,112,argileux,maïs,1
26.06,8.25,0.235,0.270,0.346,5.39,28.60,87,argileux,riz,0
22.60,21.89,0.133,0.202,0.242,40.79,22.31,94,argileux,arachide,0
23.11,12.93,0.165,0.233,0.323,22.60,22.90,77,argileux,riz,0
23.42,17.07,0.410,0.447,0.483,11.57,20.41,67,loam,mil,1
28.35,46.97,0.568,0.514,0.529,71.61,26.24,62,sableux,maïs,1
21.63,15.12,0.336,0.410,0.425,37.37,23.11,2,argileux,riz,0
28.30,0.54,0.312,0.271,0.359,0.00,30.40,73,argileux,sorgho,1
18.54,26.83,0.371,0.411,0.484,17.38,18.04,75,argileux,maïs,1
25.12,189.18,0.513,0.508,0.730,211.82,29.44,34,argileux,sorgho,1
25.28,15.07,0.151,0.145,0.312,51.20,25.95,86,sableux,mil,1
20.01,59.33,0.215,0.299,0.494,102.22,21.33,107,argileux,mil,1
21.47,18.01,0.092,0.124,0.256,81.32,16.69,6,argileux,arachide,1
23.92,6.54,0.439,0.458,0.427,0.00,18.57,64,argileux,sorgho,1
21.33,12.20,0.395,0.389,0.502,39.60,22.48,8,loam,coton,1
24.72,1.10,0.370,0.184,0.487,0.00,24.78,70,loam,coton,1
29.27,1.68,0.201,0.240,0.257,62.35,29.09,68,loam,coton,1
29.75,54.58,0.346,0.343,0.411,46.25,27.09,8,sableux,maïs,3
29.92,105.66,0.364,0.306,0.476,114.65,33.77,40,loam,maïs,3
29.88,10.72,0.234,0.287,0.359,45.51,28.02,73,argileux,coton,1
24.92,7.94,0.432,0.460,0.423,24.11,25.73,66,sableux,coton,1
24.34,40.80,0.262,0.303,0.415,11.79,24.52,71,loam,riz,1
20.76,208.56,0.359,0.311,0.675,219.32,18.70,52,loam,maïs,1
29.49,27.48,0.183,0.186,0.340,69.09,28.28,50,argileux,coton,1
27.76,28.21,0.482,0.509,0.504,51.12,28.66,18,argileux,riz,1
22.51,12.92,0.560,0.573,0.632,13.72,23.09,100,loam,mil,3
21.32,8.92,0.331,0.246,0.427,59.56,20.98,95,argileux,maïs,1
27.99,9.03,0.457,0.488,0.580,0.00,27.69,59,argileux,sorgho,1
28.66,73.51,0.400,0.435,0.602,78.88,30.62,119,argileux,mil,1
24.55,5.49,0.638,0.758,0.637,45.95,22.72,17,sableux,riz,1
24.37,51.55,0.115,0.135,0.263,67.58,24.64,96,argileux,mil,1
26.59,2.12,0.224,0.243,0.417,7.63,28.42,79,argileux,riz,1
32.67,39.12,0.111,0.027,0.344,83.62,32.07,86,argileux,coton,1
21.63,8.16,0.143,0.247,0.223,40.33,22.33,113,argileux,sorgho,0
29.79,4.66,0.332,0.453,0.398,13.58,24.47,116,argileux,riz,1
33.03,16.17,0.133,0.023,0.247,78.97,35.88,77,sableux,coton,1
21.03,25.25,0.391,0.476,0.486,50.17,24.81,86,sableux,maïs,1
18.17,55.85,0.244,0.222,0.509,77.91,16.93,60,argileux,arachide,1
29.48,41.52,0.168,0.231,0.345,22.37,30.62,34,sableux,arachide,0
23.29,8.03,0.511,0.487,0.456,0.00,22.73,111,loam,maïs,3
12.36,86.52,0.137,0.010,0.288,103.36,11.49,93,sableux,mil,1
29.72,92.18,0.153,0.132,0.439,90.19,27.77,23,loam,coton,1
22.32,45.42,0.542,0.503,0.625,80.43,26.35,56,loam,riz,1
19.73,22.08,0.096,0.128,0.288,48.36,14.87,114,loam,mil,0
27.95,16.83,0.557,0.614,0.523,34.12,25.10,102,sableux,mil,3
31.60,1.80,0.364,0.353,0.470,0.00,32.49,69,sableux,riz,1
16.58,154.02,0.266,0.099,0.555,119.25,15.70,105,sableux,mil,1
35.46,20.59,0.537,0.626,0.556,25.37,31.28,73,loam,coton,1
22.34,5.68,0.090,0.085,0.298,24.87,22.46,114,argileux,riz,0
30.80,2.35,0.166,0.178,0.208,36.42,29.89,3,sableux,sorgho,3
30.18,19.65,0.389,0.349,0.420,36.80,28.17,116,argileux,coton,1
27.40,4.08,0.207,0.348,0.352,33.67,29.30,81,argileux,mil,1
23.84,0.25,0.260,0.131,0.334,41.11,21.01,11,sableux,coton,0
30.05,0.65,0.256,0.212,0.332,20.97,29.74,65,argileux,riz,0
22.43,14.13,0.258,0.210,0.440,30.23,23.23,41,loam,maïs,1
17.40,38.85,0.367,0.439,0.535,37.64,17.49,119,loam,arachide,1
32.32,40.73,0.145,0.116,0.361,44.93,33.75,63,sableux,riz,1
23.44,8.11,0.039,0.064,0.254,32.46,19.04,105,sableux,riz,0
22.20,37.01,0.123,0.165,0.377,79.95,23.14,107,argileux,riz,1
26.51,0.21,0.138,0.252,0.291,65.44,27.91,112,sableux,maïs,1
36.35,0.95,0.400,0.366,0.406,16.36,36.19,74,loam,coton,1
19.16,17.55,0.380,0.343,0.496,63.71,18.43,93,sableux,mil,0
23.41,4.81,0.145,0.101,0.325,17.65,22.08,24,sableux,arachide,0
22.27,16.18,0.188,0.236,0.287,54.65,22.11,50,sableux,coton,1
17.70,22.05,0.142,0.048,0.359,42.25,19.22,50,argileux,mil,1
23.89,48.71,0.253,0.350,0.360,31.14,21.47,78,argileux,maïs,1
24.07,12.50,0.147,0.220,0.337,2.70,25.36,85,sableux,arachide,0
16.94,14.95,0.248,0.244,0.342,68.96,16.91,20,sableux,riz,1
17.09,16.58,0.391,0.408,0.501,0.00,18.54,68,argileux,arachide,2
27.70,32.73,0.164,0.129,0.226,55.12,25.21,40,loam,coton,1
28.06,4.00,0.413,0.246,0.397,33.69,27.69,33,loam,sorgho,1
25.70,33.27,0.185,0.039,0.417,48.78,22.59,12,sableux,arachide,1
20.81,21.45,0.318,0.315,0.436,16.14,19.67,52,argileux,maïs,1
25.08,36.90,0.406,0.228,0.546,45.47,26.35,23,loam,sorgho,1
29.93,23.89,0.247,0.250,0.378,12.16,30.53,31,loam,maïs,1
36.69,19.86,0.270,0.381,0.331,0.00,36.02,20,sableux,arachide,0
27.51,6.04,0.492,0.385,0.525,1.02,26.61,45,loam,mil,1
25.80,29.53,0.305,0.261,0.359,49.92,27.60,96,loam,mil,4
16.69,34.25,0.440,0.452,0.446,64.69,18.12,71,sableux,arachide,1
15.58,6.60,0.615,0.750,0.581,10.42,17.50,21,loam,sorgho,1
24.12,64.14,0.275,0.281,0.442,94.48,25.20,28,loam,maïs,1
29.44,5.77,0.454,0.664,0.503,7.73,31.22,43,loam,arachide,1
30.57,64.25,0.465,0.526,0.557,65.15,29.05,58,argileux,riz,1
33.95,17.19,0.481,0.619,0.505,22.28,35.04,116,argileux,mil,1
27.54,0.11,0.390,0.583,0.345,8.47,29.27,10,loam,sorgho,0
23.92,4.69,0.419,0.426,0.487,56.31,20.92,30,argileux,arachide,1
29.97,1.55,0.030,0.010,0.246,21.45,30.05,77,argileux,sorgho,0
28.34,12.14,0.408,0.386,0.471,15.33,27.58,53,sableux,riz,1
28.48,8.67,0.465,0.383,0.521,19.07,27.47,8,argileux,mil,2
22.49,14.39,0.139,0.157,0.331,43.34,23.23,51,argileux,maïs,0
17.53,4.68,0.343,0.491,0.469,22.57,17.97,78,argileux,mil,1
29.79,5.61,0.042,0.116,0.281,0.00,28.20,47,argileux,coton,4
18.61,50.03,0.446,0.514,0.581,56.60,19.30,79,sableux,arachide,1
25.99,2.26,0.632,0.461,0.505,14.11,28.44,92,argileux,riz,3
25.99,12.54,0.127,0.191,0.315,44.92,25.95,65,argileux,riz,0
29.47,13.07,0.133,0.165,0.334,44.13,28.51,33,sableux,arachide,0
32.30,12.40,0.253,0.274,0.315,16.42,30.24,30,sableux,arachide,0
26.36,21.97,0.391,0.499,0.485,33.67,23.18,57,loam,coton,1
10.14,0.77,0.333,0.312,0.436,25.10,10.00,71,argileux,maïs,1
24.92,0.44,0.100,0.165,0.233,2.61,27.91,33,loam,sorgho,0
25.07,2.37,0.223,0.102,0.344,23.63,26.19,97,argileux,coton,0
30.05,41.88,0.185,0.321,0.360,82.52,31.49,55,sableux,riz,1
33.66,27.70,0.172,0.076,0.294,45.97,34.91,99,argileux,sorgho,0
34.55,36.05,0.183,0.166,0.333,44.87,33.72,90,loam,mil,0
32.62,0.30,0.505,0.592,0.514,9.11,30.75,49,argileux,riz,1
24.03,16.72,0.174,0.079,0.305,44.89,24.27,60,argileux,coton,0
21.71,11.01,0.136,0.201,0.273,0.00,20.20,112,argileux,arachide,0
19.72,9.12,0.431,0.329,0.548,26.12,20.79,43,sableux,maïs,1
40.24,17.62,0.154,0.091,0.337,48.50,40.00,63,sableux,coton,0
27.41,12.71,0.238,0.261,0.355,17.88,27.89,105,argileux,riz,1
27.79,7.50,0.524,0.423,0.521,23.46,28.58,53,sableux,arachide,1
27.27,41.88,0.500,0.502,0.652,88.34,28.79,85,loam,arachide,3
24.36,16.92,0.579,0.517,0.551,26.91,24.26,3,sableux,mil,2
10.35,51.80,0.115,0.295,0.331,26.33,10.00,87,argileux,mil,0
33.96,54.75,0.169,0.151,0.341,73.31,33.97,39,loam,mil,1
29.60,42.27,0.396,0.498,0.513,77.78,26.12,72,argileux,coton,1
28.31,107.86,0.245,0.272,0.521,127.52,28.66,102,argileux,arachide,1
29.64,27.89,0.232,0.119,0.357,49.31,30.66,50,sableux,coton,1
20.94,15.07,0.031,0.010,0.320,20.33,20.41,120,argileux,mil,0
34.64,5.98,0.265,0.281,0.293,15.74,34.19,115,argileux,riz,0
36.84,69.00,0.159,0.147,0.355,118.18,33.76,79,loam,arachide,1
27.10,8.62,0.377,0.301,0.494,16.98,26.34,50,loam,sorgho,1
26.18,3.87,0.546,0.444,0.531,12.18,25.64,50,sableux,arachide,1
28.56,2.53,0.275,0.225,0.391,52.71,28.02,11,loam,arachide,1
19.32,61.33,0.346,0.289,0.507,90.98,20.21,13,argileux,maïs,1
31.30,75.88,0.058,0.047,0.275,93.86,34.10,53,sableux,riz,1
22.56,2.64,0.350,0.366,0.508,53.37,23.88,118,argileux,arachide,1
20.83,3.16,0.418,0.528,0.434,7.52,21.65,96,sableux,riz,1
28.05,23.79,0.287,0.184,0.316,26.83,28.09,81,argileux,riz,0
28.04,0.46,0.154,0.190,0.242,0.00,22.91,7,sableux,sorgho,0
25.03,0.55,0.528,0.700,0.412,37.45,21.93,11,loam,maïs,1
28.73,1.30,0.216,0.337,0.296,3.71,24.10,48,sableux,sorgho,0
19.75,17.82,0.081,0.042,0.223,46.87,20.82,40,argileux,mil,0
34.55,9.83,0.309,0.351,0.396,45.70,35.28,30,loam,riz,1
29.47,30.17,0.369,0.385,0.459,44.85,29.74,104,loam,riz,1
32.55,8.49,0.285,0.243,0.394,0.00,33.28,86,sableux,riz,1
30.94,25.39,0.162,0.215,0.345,25.20,29.30,22,argileux,arachide,0
22.25,82.17,0.265,0.144,0.484,73.32,19.91,48,argileux,arachide,1
30.41,5.08,0.186,0.175,0.433,22.33,30.62,24,sableux,maïs,1
25.96,4.52,0.496,0.453,0.427,54.87,25.44,74,argileux,arachide,1
28.84,14.67,0.245,0.141,0.348,23.43,26.32,36,loam,arachide,4
28.23,1.97,0.088,0.084,0.354,2.50,29.68,5,argileux,maïs,0
21.88,46.36,0.223,0.040,0.376,70.80,22.16,53,argileux,arachide,1
32.02,22.83,0.412,0.517,0.388,79.05,31.82,75,sableux,mil,1
30.23,0.39,0.322,0.429,0.375,12.78,30.59,33,sableux,maïs,1
24.28,28.30,0.442,0.380,0.386,46.71,24.51,118,sableux,riz,3
31.41,10.15,0.362,0.390,0.455,21.64,26.75,70,sableux,sorgho,1
21.63,24.09,0.559,0.567,0.615,22.86,20.91,15,loam,sorgho,1
37.00,33.74,0.347,0.304,0.444,31.84,38.86,81,argileux,mil,1
24.46,26.09,0.415,0.391,0.463,45.20,21.69,24,loam,maïs,1
14.78,41.41,0.268,0.232,0.469,58.96,14.89,11,loam,sorgho,1
21.85,32.68,0.285,0.383,0.374,39.92,22.55,71,argileux,arachide,1
33.04,9.54,0.391,0.377,0.464,13.34,29.54,64,argileux,mil,1
30.86,17.06,0.257,0.242,0.359,94.65,29.36,1,argileux,mil,4
29.54,31.94,0.463,0.382,0.611,36.02,29.33,27,loam,coton,1
26.17,22.51,0.288,0.132,0.416,31.05,26.33,1,argileux,mil,1
33.84,65.99,0.212,0.081,0.432,96.45,32.89,77,loam,sorgho,1
14.98,14.80,0.204,0.303,0.402,0.00,15.09,66,argileux,mil,1
21.49,1.14,0.079,0.133,0.174,46.34,25.57,24,sableux,riz,0
20.33,3.62,0.147,0.164,0.213,19.93,22.90,9,loam,arachide,0
31.94,17.56,0.504,0.434,0.554,51.35,29.91,56,sableux,sorgho,1
21.90,2.18,0.347,0.344,0.357,22.26,19.98,105,argileux,riz,1
19.36,43.19,0.441,0.388,0.509,94.15,20.47,115,loam,maïs,1
29.64,0.23,0.629,0.481,0.561,8.38,31.76,84,sableux,arachide,3
31.68,0.28,0.139,0.018,0.244,23.37,34.62,43,sableux,coton,0
21.83,1.51,0.509,0.576,0.483,18.70,21.96,91,sableux,arachide,3
21.97,2.55,0.272,0.208,0.380,13.66,20.61,105,argileux,sorgho,1
21.59,24.26,0.387,0.396,0.444,80.73,21.50,54,loam,coton,1
31.30,29.09,0.219,0.155,0.341,45.30,31.91,35,argileux,sorgho,0
32.02,36.35,0.172,0.010,0.352,92.30,29.81,50,argileux,riz,1
30.33,13.49,0.236,0.180,0.428,45.57,28.21,105,argileux,sorgho,1
33.97,3.83,0.554,0.612,0.558,0.00,32.84,50,argileux,riz,1
29.34,57.27,0.186,0.223,0.330,40.34,27.69,16,loam,riz,1
24.78,8.54,0.137,0.169,0.365,32.36,24.70,66,loam,coton,1
24.26,10.48,0.293,0.290,0.444,14.58,27.16,33,argileux,maïs,1
20.96,12.31,0.544,0.528,0.577,0.00,24.54,101,argileux,maïs,3
30.99,200.07,0.176,0.028,0.572,245.93,31.27,19,loam,sorgho,1
21.68,11.14,0.185,0.146,0.377,25.94,19.46,70,argileux,riz,1
19.40,18.33,0.133,0.172,0.241,75.86,22.30,57,sableux,riz,1
18.38,28.90,0.167,0.190,0.376,30.52,19.10,69,loam,arachide,1
27.50,23.65,0.351,0.303,0.537,74.86,25.07,104,argileux,mil,1
23.98,39.23,0.298,0.267,0.468,85.29,26.70,49,loam,maïs,1
22.03,5.09,0.528,0.592,0.514,29.65,20.52,72,loam,arachide,1
31.99,10.40,0.162,0.148,0.346,0.00,35.44,94,sableux,maïs,0
31.42,12.21,0.204,0.209,0.433,14.57,32.04,75,loam,maïs,1
23.94,16.25,0.399,0.478,0.452,22.85,20.70,70,loam,arachide,1
34.70,81.99,0.336,0.500,0.552,95.29,34.83,20,argileux,maïs,1
31.87,16.69,0.067,0.010,0.262,10.89,35.27,73,argileux,coton,0
9.53,6.24,0.126,0.231,0.281,24.58,10.00,9,loam,maïs,0
26.12,4.36,0.222,0.195,0.250,15.79,28.92,28,sableux,sorgho,0
26.17,22.75,0.293,0.253,0.432,18.10,29.19,35,loam,coton,1
29.61,7.34,0.150,0.133,0.307,64.70,28.39,118,loam,sorgho,1
31.68,12.41,0.199,0.090,0.370,55.96,31.60,104,sableux,maïs,1
30.03,166.59,0.354,0.426,0.612,173.19,25.68,74,argileux,arachide,1
20.66,13.43,0.261,0.300,0.423,41.83,20.62,104,loam,maïs,1
28.80,17.07,0.548,0.550,0.575,50.33,30.29,35,sableux,mil,1
28.85,15.94,0.352,0.485,0.395,24.11,27.40,101,argileux,mil,1
19.43,13.27,0.266,0.233,0.337,38.26,18.71,45,loam,riz,0
23.36,50.91,0.084,0.125,0.356,52.90,23.96,95,sableux,maïs,1
28.09,6.03,0.362,0.378,0.436,0.00,27.29,113,argileux,sorgho,1
34.56,97.53,0.263,0.195,0.458,113.50,39.02,40,sableux,sorgho,1
26.79,3.84,0.465,0.526,0.411,6.95,28.23,47,loam,sorgho,1
35.51,34.47,0.254,0.294,0.291,42.20,37.14,74,sableux,maïs,0
24.63,42.76,0.172,0.112,0.374,47.22,21.84,37,argileux,coton,1
29.37,124.09,0.554,0.662,0.645,118.30,35.03,29,argileux,coton,1
38.59,1.71,0.456,0.379,0.464,50.09,38.89,101,loam,sorgho,1
28.92,9.57,0.170,0.134,0.319,17.30,28.69,28,sableux,coton,1
24.61,16.45,0.154,0.038,0.312,55.71,24.12,23,loam,coton,1
31.74,51.30,0.559,0.587,0.628,74.82,29.78,101,sableux,sorgho,3
19.53,51.33,0.340,0.276,0.437,50.38,19.31,42,sableux,sorgho,1
19.99,23.33,0.336,0.309,0.415,20.61,21.69,10,argileux,arachide,1
33.11,29.66,0.432,0.509,0.576,82.42,31.93,87,sableux,riz,1
22.84,42.51,0.320,0.407,0.468,52.35,23.31,9,loam,riz,1
19.58,15.33,0.183,0.106,0.319,56.18,18.84,73,sableux,coton,1
16.60,4.19,0.461,0.455,0.566,24.12,16.14,20,argileux,riz,1
16.48,3.27,0.064,0.111,0.188,25.34,16.57,104,argileux,riz,0
18.18,13.00,0.550,0.554,0.505,51.81,17.46,45,sableux,sorgho,1
22.97,14.97,0.256,0.267,0.345,30.02,23.05,47,argileux,mil,0
34.51,14.08,0.245,0.354,0.310,52.57,30.59,63,sableux,coton,1
26.78,47.84,0.137,0.059,0.300,80.69,26.07,4,argileux,maïs,1
21.69,17.11,0.422,0.553,0.420,22.61,21.13,24,loam,riz,1
13.88,27.25,0.265,0.210,0.342,12.33,15.36,91,sableux,coton,0
28.63,9.26,0.058,0.113,0.249,16.82,30.34,46,sableux,coton,0
23.76,33.80,0.257,0.252,0.352,78.45,22.81,83,loam,sorgho,1
13.31,50.26,0.448,0.430,0.488,73.47,14.92,18,sableux,mil,1
19.90,45.25,0.072,0.296,0.228,52.68,19.40,60,sableux,coton,4
21.77,5.50,0.302,0.203,0.424,49.44,21.76,29,sableux,sorgho,1
30.83,9.79,0.553,0.589,0.559,21.71,30.86,79,argileux,sorgho,1
31.52,33.80,0.152,0.138,0.407,68.54,30.01,29,sableux,maïs,1
27.67,26.13,0.354,0.194,0.358,24.47,24.98,52,loam,arachide,1
36.44,9.47,0.309,0.270,0.360,0.00,38.14,39,argileux,arachide,1
25.76,43.51,0.427,0.385,0.502,76.25,23.31,65,loam,maïs,1
21.99,41.49,0.307,0.259,0.514,0.71,19.78,6,loam,mil,1
21.31,14.00,0.047,0.056,0.176,0.00,24.23,66,sableux,maïs,0
20.79,8.64,0.380,0.393,0.441,0.00,16.82,41,argileux,arachide,1
38.68,15.38,0.124,0.159,0.274,60.24,39.61,58,argileux,maïs,1
21.87,69.41,0.475,0.680,0.508,80.08,22.57,68,sableux,arachide,1
22.60,8.99,0.348,0.377,0.439,45.74,20.84,33,loam,sorgho,1
31.28,12.75,0.483,0.538,0.503,7.25,31.36,42,argileux,sorgho,1
33.18,11.61,0.203,0.256,0.338,29.53,36.25,85,loam,sorgho,1
23.52,48.46,0.061,0.249,0.308,75.96,25.36,45,loam,riz,1
17.25,6.21,0.361,0.410,0.436,22.59,20.69,71,argileux,sorgho,1
26.20,64.35,0.548,0.523,0.566,97.17,24.41,39,sableux,maïs,1
19.91,30.29,0.219,0.286,0.360,55.57,21.55,96,loam,coton,1
22.65,234.83,0.028,0.010,0.502,267.57,26.09,36,argileux,coton,2
24.78,17.42,0.191,0.168,0.392,31.67,29.47,116,loam,sorgho,1
34.27,7.72,0.572,0.606,0.610,20.98,35.57,48,sableux,arachide,1
19.40,1.85,0.146,0.050,0.307,8.45,19.90,71,sableux,riz,0
24.35,1.52,0.413,0.433,0.454,30.26,23.89,105,loam,sorgho,1
20.17,71.52,0.673,0.659,0.673,72.57,20.40,109,loam,sorgho,3
21.32,0.30,0.463,0.394,0.490,59.03,23.08,12,argileux,mil,1
18.16,112.34,0.401,0.436,0.644,128.09,17.99,117,argileux,maïs,1
16.83,14.51,0.395,0.412,0.515,39.17,16.03,38,sableux,arachide,1
33.07,3.02,0.430,0.433,0.467,25.78,29.01,118,argileux,maïs,1
19.74,25.90,0.248,0.225,0.320,27.09,19.65,14,sableux,sorgho,0
12.68,74.37,0.233,0.254,0.362,94.38,15.89,12,argileux,sorgho,1
26.52,1.68,0.430,0.337,0.623,0.00,28.73,107,loam,riz,1
33.34,53.73,0.297,0.312,0.427,94.72,35.64,55,argileux,maïs,1
19.59,15.77,0.509,0.370,0.410,9.60,23.19,62,argileux,arachide,1
42.83,2.06,0.212,0.104,0.383,0.00,40.00,20,sableux,coton,1
31.75,13.97,0.525,0.586,0.555,18.61,34.31,80,loam,maïs,1
23.17,12.59,0.271,0.207,0.337,16.60,23.24,66,sableux,mil,0
29.22,17.32,0.116,0.010,0.223,46.93,32.62,12,sableux,mil,0
24.88,63.50,0.084,0.137,0.295,77.44,26.48,96,loam,riz,1
15.99,26.38,0.400,0.301,0.469,40.29,15.02,95,sableux,arachide,1
31.20,31.84,0.059,0.010,0.244,34.76,29.77,50,loam,coton,0
32.28,7.72,0.091,0.098,0.295,11.52,31.36,76,loam,coton,0
14.98,16.06,0.311,0.370,0.429,43.44,11.63,75,argileux,mil,1
17.56,31.47,0.154,0.171,0.276,47.01,14.74,74,loam,riz,0
32.87,1.47,0.517,0.510,0.498,8.19,36.07,2,loam,mil,1
17.74,2.89,0.204,0.184,0.368,36.82,14.66,52,loam,maïs,1
21.06,78.98,0.319,0.234,0.421,158.91,23.20,107,sableux,coton,1
31.79,9.20,0.445,0.477,0.429,24.41,35.53,88,argileux,riz,1
20.29,46.43,0.370,0.297,0.362,65.51,15.93,94,argileux,coton,1
21.68,61.35,0.309,0.214,0.492,110.34,21.66,8,loam,arachide,1
24.43,23.64,0.338,0.407,0.492,40.44,21.32,48,loam,maïs,1
37.11,18.32,0.194,0.203,0.326,51.36,34.53,117,loam,maïs,1
30.85,12.31,0.307,0.384,0.472,7.78,30.45,51,argileux,riz,1
24.08,6.31,0.115,0.234,0.301,38.20,25.97,53,loam,coton,0
27.93,40.65,0.166,0.288,0.387,63.86,26.18,43,argileux,riz,1
24.58,10.29,0.366,0.421,0.479,0.00,22.92,84,argileux,coton,1
13.91,1.55,0.345,0.337,0.466,21.08,17.71,94,argileux,maïs,1
33.88,82.28,0.424,0.361,0.657,81.90,32.85,18,argileux,coton,1
34.82,2.66,0.274,0.489,0.495,3.88,35.62,115,loam,mil,1
20.88,5.94,0.306,0.268,0.382,17.37,21.19,42,argileux,riz,1
29.98,7.88,0.139,0.173,0.197,0.00,29.47,78,argileux,mil,0
32.06,36.54,0.427,0.268,0.506,21.93,31.64,109,loam,riz,1
32.58,9.26,0.314,0.276,0.398,39.72,31.29,116,loam,sorgho,1
24.82,39.46,0.304,0.285,0.370,53.69,25.92,23,sableux,coton,1
20.26,3.22,0.315,0.257,0.435,0.00,22.14,98,argileux,riz,1
28.12,8.65,0.140,0.164,0.347,21.33,29.51,15,loam,arachide,0
23.48,18.98,0.497,0.440,0.489,1.33,24.02,73,loam,arachide,1
23.39,2.49,0.162,0.156,0.358,6.46,25.63,57,sableux,riz,0
21.57,9.83,0.461,0.408,0.510,34.76,23.98,75,sableux,sorgho,1
32.98,1.45,0.173,0.015,0.274,31.37,32.72,40,loam,riz,0
30.01,48.31,0.152,0.211,0.324,64.26,25.00,31,loam,riz,4
22.25,1.66,0.222,0.118,0.300,28.89,21.93,113,sableux,arachide,0
18.53,24.80,0.141,0.119,0.318,8.15,18.60,43,argileux,maïs,0
27.95,8.45,0.225,0.094,0.370,8.33,28.77,73,sableux,arachide,1
28.37,19.21,0.058,0.104,0.172,42.85,26.52,105,sableux,maïs,0
24.02,39.27,0.193,0.125,0.264,105.13,23.22,114,loam,mil,1
15.96,38.12,0.026,0.017,0.259,64.33,14.20,37,sableux,sorgho,1
30.05,25.64,0.371,0.546,0.514,79.31,31.47,100,loam,maïs,1
39.00,73.04,0.612,0.503,0.578,89.82,37.92,115,sableux,mil,3
27.32,28.02,0.260,0.280,0.504,37.50,31.18,96,loam,arachide,1
20.63,51.45,0.329,0.461,0.508,43.72,24.60,95,argileux,maïs,1
13.55,33.46,0.271,0.195,0.337,22.28,10.00,8,loam,arachide,0
20.56,103.72,0.498,0.487,0.620,138.61,20.47,81,sableux,riz,1
20.19,15.40,0.279,0.422,0.365,38.27,21.10,33,argileux,arachide,1
17.14,15.88,0.079,0.010,0.280,36.71,20.75,106,argileux,riz,0
31.36,7.09,0.183,0.165,0.328,11.34,32.55,20,loam,maïs,0
27.59,7.87,0.205,0.118,0.310,0.00,29.44,61,loam,mil,0
15.93,0.06,0.171,0.074,0.299,44.74,17.53,48,argileux,maïs,2
24.94,3.21,0.419,0.513,0.429,20.90,32.17,118,sableux,maïs,1
25.47,16.95,0.249,0.084,0.363,47.95,29.81,40,loam,maïs,1
19.02,20.51,0.188,0.126,0.353,38.42,14.66,47,loam,riz,1
19.02,14.98,0.169,0.102,0.300,32.09,16.35,23,sableux,mil,0
29.33,25.37,0.154,0.068,0.425,12.90,29.85,78,argileux,mil,1
25.24,33.34,0.222,0.276,0.392,77.78,23.23,109,loam,mil,1
20.52,1.72,0.296,0.271,0.304,24.96,23.97,95,sableux,mil,0
24.75,4.54,0.367,0.341,0.486,27.66,25.01,112,sableux,arachide,4
20.67,8.56,0.529,0.534,0.504,23.58,18.35,3,sableux,sorgho,2
19.41,121.78,0.529,0.454,0.762,91.31,23.02,30,loam,coton,1
32.28,9.61,0.168,0.129,0.223,48.17,32.95,62,argileux,sorgho,2
32.67,13.15,0.231,0.258,0.441,29.28,33.36,98,argileux,sorgho,1
31.50,36.34,0.131,0.085,0.315,49.43,33.48,101,loam,arachide,0
25.34,38.86,0.251,0.300,0.355,47.85,24.95,19,argileux,maïs,1
21.19,14.42,0.076,0.178,0.231,0.00,22.87,48,argileux,riz,0
17.56,5.26,0.212,0.252,0.268,47.75,16.82,28,sableux,mil,0
29.37,15.09,0.301,0.283,0.381,76.34,30.13,71,loam,riz,1
27.70,2.88,0.440,0.545,0.482,18.36,26.78,100,argileux,maïs,1
17.84,16.63,0.506,0.601,0.562,44.61,18.45,40,argileux,mil,1
23.03,10.76,0.252,0.204,0.411,29.62,19.82,90,loam,riz,1
12.85,9.28,0.363,0.312,0.554,18.85,15.29,3,sableux,riz,1
15.23,10.48,0.147,0.146,0.302,6.67,17.19,82,argileux,maïs,0
27.19,10.36,0.801,0.638,0.778,0.00,27.84,103,sableux,arachide,3
29.72,13.72,0.128,0.271,0.336,27.73,30.33,29,argileux,arachide,0
30.40,32.48,0.092,0.144,0.265,59.37,31.83,58,argileux,sorgho,1
28.24,13.79,0.355,0.455,0.464,51.79,30.40,117,argileux,riz,1
24.96,20.19,0.265,0.102,0.323,42.13,25.23,78,loam,arachide,0
23.33,12.27,0.385,0.465,0.427,49.07,23.24,35,argileux,arachide,1
27.71,9.66,0.519,0.458,0.406,32.05,26.94,56,loam,sorgho,1
36.01,74.80,0.158,0.143,0.415,116.81,36.54,72,sableux,coton,1
28.68,7.10,0.363,0.464,0.396,0.17,28.54,118,loam,coton,1
25.84,15.60,0.183,0.272,0.304,19.36,25.41,79,argileux,mil,0
36.83,5.15,0.177,0.163,0.265,0.00,33.74,85,argileux,mil,0
34.50,8.05,0.373,0.417,0.480,21.17,34.77,85,sableux,coton,1
28.72,67.56,0.214,0.233,0.431,119.05,30.25,42,sableux,sorgho,1
26.18,95.12,0.100,0.062,0.393,105.29,26.86,114,sableux,riz,1
14.37,2.18,0.097,0.152,0.277,22.30,12.66,32,argileux,sorgho,2
20.30,23.00,0.358,0.264,0.375,45.27,20.48,110,sableux,coton,1
23.58,59.46,0.124,0.010,0.340,72.53,21.45,63,loam,sorgho,1
15.13,5.59,0.071,0.116,0.229,0.00,20.70,104,loam,sorgho,0
30.17,4.10,0.446,0.359,0.520,4.61,30.72,0,argileux,mil,2
30.33,25.40,0.570,0.564,0.552,50.06,29.73,96,argileux,arachide,3
17.25,29.49,0.166,0.160,0.395,65.72,17.23,19,argileux,maïs,1
19.01,25.41,0.305,0.162,0.408,33.09,19.27,7,argileux,arachide,1
26.62,12.36,0.174,0.203,0.254,0.00,22.80,33,argileux,coton,2
20.77,10.74,0.167,0.327,0.303,29.58,23.00,77,loam,riz,0
19.18,32.93,0.515,0.561,0.487,85.06,19.78,17,argileux,maïs,1
24.53,12.48,0.447,0.347,0.460,62.45,24.04,108,argileux,mil,1
34.11,2.82,0.363,0.235,0.388,3.69,36.84,36,argileux,arachide,1
26.86,134.61,0.211,0.245,0.412,167.76,26.41,84,argileux,mil,1
30.99,6.06,0.389,0.307,0.338,4.87,30.99,43,argileux,maïs,0
29.43,3.98,0.305,0.372,0.399,46.19,28.62,47,sableux,sorgho,1
17.21,10.27,0.350,0.304,0.358,0.00,18.14,10,sableux,mil,1
24.49,19.05,0.301,0.262,0.421,68.51,27.13,1,sableux,mil,1
17.15,31.25,0.346,0.459,0.394,48.67,17.69,32,loam,maïs,1
22.57,11.22,0.403,0.315,0.503,47.12,19.31,66,sableux,maïs,1
22.92,49.03,0.133,0.144,0.390,54.87,21.86,12,sableux,coton,1
24.67,1.13,0.496,0.365,0.448,47.79,27.47,103,argileux,sorgho,1
38.04,59.47,0.715,0.714,0.776,84.50,36.52,54,argileux,mil,1
18.63,3.65,0.404,0.461,0.363,0.00,19.41,50,sableux,sorgho,1
25.61,7.55,0.100,0.039,0.282,14.91,19.32,106,sableux,riz,0
14.48,27.46,0.142,0.133,0.342,65.71,12.90,62,sableux,coton,1
19.51,99.00,0.369,0.401,0.498,151.32,16.52,17,sableux,sorgho,1
30.58,17.69,0.152,0.235,0.318,26.79,31.72,112,argileux,mil,0
24.96,61.53,0.237,0.196,0.419,99.81,26.84,58,argileux,maïs,1
15.68,25.20,0.555,0.665,0.492,22.53,13.74,27,sableux,mil,1
28.20,61.99,0.702,0.683,0.693,80.73,27.85,70,loam,coton,1
24.22,52.62,0.361,0.351,0.497,53.56,20.82,73,loam,sorgho,1
31.23,0.86,0.446,0.467,0.437,35.18,30.83,49,argileux,riz,1
19.11,2.32,0.325,0.338,0.355,45.44,22.60,115,sableux,maïs,1
28.02,26.68,0.334,0.340,0.423,20.08,27.24,114,argileux,mil,1
36.41,9.59,0.424,0.364,0.389,33.53,40.00,78,sableux,maïs,1
16.81,9.05,0.419,0.335,0.528,21.74,18.48,113,argileux,sorgho,1
28.12,20.22,0.245,0.263,0.420,29.72,24.89,120,loam,riz,1
29.26,62.45,0.567,0.426,0.632,75.43,29.85,65,sableux,coton,1
30.74,25.25,0.296,0.431,0.440,68.55,29.93,116,argileux,maïs,1
26.66,11.40,0.146,0.216,0.203,9.42,27.28,88,argileux,arachide,0
19.05,1.01,0.510,0.461,0.535,6.44,17.72,12,sableux,sorgho,1
17.22,1.49,0.268,0.299,0.291,40.73,17.85,99,argileux,arachide,0
34.43,70.00,0.189,0.261,0.494,89.03,34.09,77,argileux,arachide,1
19.49,15.22,0.171,0.134,0.339,44.13,17.83,79,loam,arachide,0
30.64,12.56,0.128,0.194,0.257,47.06,29.77,100,sableux,mil,0
23.77,87.81,0.261,0.360,0.490,95.92,26.52,97,loam,maïs,1
26.08,55.01,0.054,0.047,0.241,54.30,28.74,77,loam,riz,1
31.79,3.57,0.307,0.321,0.414,6.58,30.25,76,loam,sorgho,1
24.99,74.14,0.218,0.123,0.386,66.58,23.29,90,sableux,riz,3
29.12,34.04,0.157,0.304,0.412,85.26,31.08,10,loam,coton,1
15.77,5.33,0.547,0.684,0.519,47.33,16.03,56,loam,sorgho,1
21.10,10.88,0.085,0.021,0.341,0.00,25.95,41,argileux,mil,0
36.30,21.41,0.440,0.458,0.463,34.18,36.73,34,argileux,riz,1
26.15,4.64,0.309,0.187,0.422,25.27,22.64,54,loam,sorgho,1
22.75,20.57,0.426,0.410,0.502,36.27,24.62,58,argileux,arachide,1
34.08,7.33,0.315,0.440,0.381,38.26,37.36,40,loam,coton,1
24.19,65.73,0.067,0.086,0.326,110.72,22.07,96,loam,coton,1
18.88,70.32,0.235,0.298,0.419,120.17,23.72,18,sableux,maïs,1
23.60,38.29,0.080,0.178,0.323,46.37,20.39,34,argileux,maïs,0
22.67,38.98,0.402,0.420,0.564,3.91,21.09,46,argileux,coton,1
13.36,45.46,0.099,0.163,0.274,49.63,14.03,5,sableux,coton,0
20.59,35.02,0.216,0.231,0.362,69.49,20.31,75,argileux,arachide,1
18.59,2.81,0.283,0.349,0.292,0.00,16.19,102,loam,coton,0
30.50,26.42,0.182,0.206,0.362,48.71,32.70,26,sableux,maïs,1
21.73,11.77,0.484,0.572,0.537,34.42,19.32,108,argileux,arachide,1
24.36,11.35,0.162,0.193,0.316,31.90,22.80,87,sableux,coton,0
16.44,8.18,0.120,0.171,0.274,83.44,17.93,10,argileux,riz,1
18.52,25.02,0.308,0.409,0.394,40.79,17.89,28,loam,maïs,1
25.43,12.02,0.190,0.252,0.350,38.11,24.61,62,argileux,sorgho,1
26.98,30.55,0.017,0.131,0.338,23.57,26.24,29,argileux,maïs,0
15.63,26.72,0.181,0.159,0.330,59.11,16.20,111,loam,coton,1
17.63,0.95,0.166,0.121,0.342,0.00,18.19,116,loam,mil,0
10.08,192.74,0.474,0.546,0.687,238.18,10.00,79,loam,arachide,1
29.21,16.95,0.110,0.090,0.232,14.57,31.49,55,loam,mil,0
25.84,8.58,0.241,0.255,0.361,24.61,25.71,24,loam,maïs,1
19.12,33.97,0.349,0.260,0.499,56.28,21.52,108,argileux,mil,1
26.48,2.89,0.168,0.120,0.353,19.11,30.59,79,loam,maïs,2
21.64,104.29,0.241,0.223,0.392,137.07,28.19,13,argileux,arachide,4
24.83,1.00,0.125,0.153,0.144,27.82,25.00,48,loam,arachide,0
37.99,1.20,0.588,0.581,0.605,17.26,40.00,19,sableux,coton,3
25.57,19.01,0.465,0.363,0.592,42.56,25.20,72,sableux,arachide,1
13.59,24.79,0.082,0.017,0.318,34.51,12.42,22,loam,maïs,0
26.09,26.19,0.148,0.119,0.214,32.60,28.33,45,argileux,mil,0
32.33,28.22,0.527,0.508,0.520,0.00,31.26,24,loam,maïs,1
27.98,23.74,0.294,0.294,0.428,41.97,26.67,49,sableux,mil,1
39.12,32.32,0.340,0.497,0.453,48.41,40.00,20,sableux,maïs,3
15.98,14.48,0.377,0.400,0.407,47.53,15.43,82,argileux,maïs,1
32.46,13.63,0.056,0.010,0.168,73.01,36.05,102,loam,arachide,1
17.15,4.53,0.361,0.279,0.414,19.48,13.81,86,loam,arachide,1
22.56,5.92,0.517,0.419,0.453,60.26,22.06,89,sableux,sorgho,3
30.42,7.80,0.303,0.199,0.387,20.97,29.90,75,argileux,coton,1
22.78,18.14,0.135,0.157,0.342,9.90,22.39,49,sableux,riz,3
25.27,102.39,0.547,0.694,0.719,151.21,27.33,97,argileux,sorgho,3
19.52,7.70,0.195,0.218,0.315,9.04,20.98,46,argileux,sorgho,0
23.73,28.57,0.506,0.512,0.639,53.73,24.12,28,argileux,maïs,1
25.10,216.40,0.300,0.443,0.688,224.03,22.64,10,sableux,arachide,1
30.44,21.38,0.360,0.374,0.493,44.64,31.56,42,argileux,arachide,1
27.97,43.09,0.067,0.127,0.230,56.04,28.54,22,sableux,mil,1
24.00,37.66,0.212,0.148,0.431,34.38,21.95,116,argileux,sorgho,1
25.92,21.48,0.403,0.458,0.505,48.07,24.81,33,loam,mil,1
21.57,9.49,0.386,0.418,0.417,15.17,19.52,57,loam,maïs,1
22.55,130.82,0.503,0.407,0.553,158.25,24.78,50,sableux,maïs,1
27.31,19.06,0.410,0.421,0.507,45.06,27.27,11,sableux,sorgho,1
26.92,55.51,0.177,0.081,0.400,79.23,25.28,68,argileux,maïs,1
29.56,32.44,0.251,0.152,0.449,65.98,28.94,94,argileux,sorgho,1
27.77,13.30,0.236,0.296,0.374,44.25,27.91,106,loam,maïs,1
28.13,1.16,0.160,0.240,0.304,0.00,27.05,74,loam,arachide,0
34.49,9.28,0.467,0.434,0.548,29.36,33.97,1,loam,maïs,2
36.76,33.90,0.149,0.183,0.289,43.49,36.90,48,loam,coton,0
31.11,6.11,0.806,0.877,0.700,31.09,28.26,40,loam,maïs,1
20.79,5.87,0.359,0.427,0.464,8.41,21.54,3,loam,arachide,1
31.49,2.20,0.034,0.010,0.196,39.13,31.38,18,sableux,arachide,0
34.88,2.96,0.689,0.701,0.630,0.00,35.36,41,argileux,arachide,1
29.92,19.74,0.526,0.529,0.532,74.09,30.83,25,loam,mil,1
25.96,15.29,0.612,0.514,0.656,38.75,28.43,57,sableux,mil,1
29.05,10.76,0.422,0.343,0.457,17.75,29.00,71,loam,mil,1
28.12,30.40,0.379,0.476,0.497,35.99,25.47,28,loam,riz,1
24.94,6.12,0.193,0.157,0.283,0.00,25.31,26,sableux,riz,0
32.09,55.32,0.419,0.400,0.468,21.78,31.31,18,loam,riz,1
23.10,43.29,0.800,0.856,0.734,88.89,21.06,46,sableux,riz,1
19.25,32.50,0.174,0.295,0.415,50.93,22.09,3,sableux,arachide,1
18.07,24.55,0.186,0.237,0.302,11.52,17.21,82,sableux,arachide,0
21.61,27.45,0.478,0.471,0.516,28.85,16.50,9,argileux,arachide,2
25.40,96.02,0.151,0.176,0.408,180.05,23.01,12,sableux,arachide,1
22.73,12.54,0.352,0.379,0.479,43.19,25.34,56,loam,sorgho,1
30.81,6.58,0.113,0.066,0.289,23.72,32.24,49,argileux,sorgho,0
27.20,45.48,0.336,0.422,0.519,45.14,28.66,65,argileux,arachide,1
31.19,23.87,0.266,0.296,0.386,6.99,29.80,59,argileux,riz,1
30.35,15.86,0.132,0.239,0.258,5.71,32.41,102,sableux,sorgho,0
35.97,26.34,0.271,0.199,0.381,59.35,36.99,119,argileux,arachide,1
27.21,30.55,0.684,0.631,0.586,33.35,25.68,79,argileux,maïs,1
18.65,1.28,0.031,0.053,0.183,0.00,19.36,90,argileux,arachide,0
12.55,0.63,0.236,0.093,0.332,20.48,10.19,93,sableux,maïs,0
20.91,17.55,0.645,0.641,0.620,52.33,21.75,59,loam,coton,1
22.89,35.73,0.348,0.264,0.392,44.81,24.69,27,sableux,maïs,1
26.83,3.30,0.476,0.418,0.508,42.35,26.31,86,argileux,maïs,1
19.04,115.27,0.266,0.280,0.424,132.62,19.86,30,loam,arachide,1
16.17,58.55,0.277,0.233,0.409,70.04,16.56,24,loam,riz,1
24.62,12.26,0.360,0.388,0.387,32.82,26.07,18,sableux,riz,0
34.33,54.64,0.422,0.383,0.528,73.22,38.99,114,argileux,coton,1
35.18,55.48,0.170,0.141,0.382,86.38,35.97,30,argileux,arachide,1
23.64,10.29,0.570,0.610,0.595,0.00,23.08,6,argileux,maïs,2
26.46,58.59,0.293,0.436,0.532,78.16,26.62,33,argileux,coton,1
25.95,42.00,0.383,0.521,0.485,40.77,28.61,31,argileux,riz,1
20.45,37.03,0.168,0.138,0.305,57.27,21.59,103,argileux,mil,1
30.51,5.19,0.154,0.084,0.280,9.45,31.62,67,argileux,riz,0
19.05,27.65,0.462,0.637,0.543,60.95,19.72,47,loam,sorgho,1
28.15,25.63,0.042,0.044,0.256,16.62,29.42,118,sableux,coton,0
33.37,2.80,0.052,0.043,0.239,15.07,32.92,113,loam,riz,0
28.38,9.96,0.211,0.181,0.226,18.18,30.80,59,loam,arachide,0
25.35,10.37,0.378,0.467,0.370,54.28,28.13,108,loam,sorgho,1
33.05,37.26,0.095,0.098,0.392,53.64,29.86,54,sableux,mil,1
24.09,5.67,0.351,0.352,0.342,37.69,22.94,119,argileux,riz,0
16.36,12.95,0.167,0.049,0.271,42.81,14.61,92,loam,mil,0
24.96,47.04,0.393,0.390,0.513,90.47,26.67,59,argileux,mil,1
21.60,5.73,0.531,0.575,0.555,34.32,20.94,39,sableux,maïs,1
28.36,33.68,0.069,0.131,0.309,29.26,29.33,79,sableux,mil,0
26.36,1.24,0.502,0.394,0.536,52.31,26.93,38,argileux,mil,1
32.45,32.61,0.299,0.218,0.435,65.55,27.24,105,sableux,riz,1
13.70,31.44,0.432,0.528,0.511,56.05,13.89,74,loam,riz,1
18.65,12.30,0.199,0.233,0.361,0.78,15.95,116,sableux,maïs,1
17.20,13.23,0.180,0.110,0.291,39.33,15.57,106,sableux,sorgho,0
27.54,43.04,0.080,0.112,0.302,69.05,28.32,93,sableux,maïs,1
23.59,20.07,0.147,0.098,0.311,38.30,23.02,1,sableux,mil,0
21.25,42.97,0.463,0.467,0.575,48.75,21.21,2,sableux,sorgho,2
26.02,11.50,0.317,0.415,0.266,19.28,25.67,72,argileux,arachide,0
27.68,26.19,0.133,0.158,0.285,26.58,31.13,97,sableux,arachide,0
21.03,5.96,0.437,0.341,0.523,27.90,23.01,90,loam,coton,1
35.64,2.46,0.160,0.279,0.336,16.00,35.72,54,argileux,maïs,1
15.25,16.94,0.087,0.059,0.317,37.83,15.02,112,argileux,coton,3
24.97,5.69,0.473,0.478,0.520,13.59,25.80,28,sableux,arachide,0
27.03,15.80,0.189,0.143,0.319,35.87,29.76,101,loam,maïs,0
28.87,7.44,0.225,0.188,0.325,34.89,28.52,60,argileux,mil,0
32.63,9.57,0.173,0.091,0.271,16.07,34.63,68,sableux,coton,0
26.61,7.00,0.298,0.206,0.395,36.93,29.30,92,argileux,arachide,1
20.75,20.29,0.084,0.037,0.237,17.55,17.14,11,loam,riz,0
31.53,3.97,0.115,0.121,0.248,31.46,33.06,104,sableux,coton,1
21.04,26.08,0.341,0.399,0.405,34.09,18.36,54,loam,maïs,1
26.67,19.15,0.295,0.334,0.436,43.85,26.49,53,loam,sorgho,1
20.63,14.33,0.067,0.061,0.193,57.33,17.76,109,loam,riz,1
15.80,128.38,0.050,0.091,0.405,137.72,18.14,14,loam,sorgho,1
23.37,12.89,0.273,0.396,0.364,29.24,25.07,95,sableux,coton,1
24.48,7.48,0.055,0.018,0.187,60.51,22.95,83,sableux,sorgho,1
35.66,17.03,0.186,0.128,0.272,50.45,35.87,10,loam,coton,1
22.02,1.11,0.057,0.010,0.295,0.00,22.86,84,sableux,riz,3
32.47,41.62,0.134,0.044,0.385,71.20,31.15,96,sableux,mil,1
27.62,11.01,0.103,0.010,0.336,25.70,27.68,104,loam,maïs,0
22.20,30.39,0.216,0.138,0.394,63.20,18.31,113,sableux,arachide,1
38.69,68.07,0.468,0.548,0.623,80.80,37.64,51,loam,riz,1
26.62,3.31,0.278,0.256,0.384,7.83,27.95,78,argileux,riz,1
13.33,11.63,0.393,0.411,0.341,87.70,10.81,54,argileux,sorgho,1
23.99,8.59,0.101,0.113,0.257,14.70,23.03,13,loam,sorgho,2
24.87,23.78,0.402,0.388,0.426,62.71,23.64,45,argileux,arachide,1
25.94,42.15,0.251,0.242,0.315,72.05,22.44,20,loam,mil,1
29.96,2.77,0.216,0.117,0.301,38.70,29.74,88,loam,mil,0
19.67,20.36,0.359,0.266,0.449,13.12,23.41,81,loam,sorgho,1
25.26,15.53,0.271,0.206,0.412,22.49,22.80,43,sableux,coton,1
16.96,5.57,0.272,0.187,0.298,6.04,17.03,0,sableux,maïs,0
28.30,14.01,0.439,0.314,0.496,21.93,23.92,109,argileux,maïs,1
30.61,11.11,0.389,0.410,0.481,13.73,28.90,46,argileux,arachide,1
31.05,19.66,0.306,0.442,0.372,37.93,31.08,111,sableux,maïs,1
32.28,1.23,0.335,0.402,0.446,0.00,31.74,17,argileux,mil,1
32.67,30.39,0.180,0.138,0.299,67.85,35.15,110,loam,arachide,1
28.61,15.81,0.401,0.547,0.433,7.26,24.41,59,sableux,sorgho,1
38.25,45.02,0.381,0.506,0.514,62.57,38.21,48,loam,mil,1
19.38,30.91,0.200,0.252,0.364,25.58,19.79,40,argileux,sorgho,1
19.50,6.21,0.538,0.537,0.590,21.14,22.62,100,loam,maïs,3
30.13,7.10,0.277,0.406,0.385,6.36,31.26,89,sableux,maïs,1
29.95,2.72,0.143,0.010,0.280,2.19,28.77,12,argileux,arachide,0
29.87,63.85,0.230,0.164,0.479,72.57,29.14,29,loam,maïs,1
11.34,13.03,0.117,0.290,0.296,47.39,12.22,2,argileux,sorgho,0
32.35,5.82,0.557,0.517,0.611,46.98,32.52,19,sableux,maïs,0
26.67,11.39,0.219,0.249,0.413,0.00,29.29,82,sableux,arachide,1
26.64,16.28,0.364,0.296,0.410,40.01,25.69,25,sableux,maïs,1
23.60,7.60,0.431,0.378,0.423,25.52,24.50,118,argileux,mil,1
24.73,53.30,0.150,0.155,0.424,61.01,27.44,73,argileux,mil,1
19.70,3.04,0.084,0.114,0.339,10.53,18.99,33,sableux,riz,0
21.73,1.19,0.333,0.347,0.495,47.73,22.67,24,sableux,mil,1
32.18,30.50,0.448,0.381,0.525,65.56,30.17,11,sableux,sorgho,1
23.53,22.36,0.303,0.248,0.384,32.94,22.76,113,loam,mil,1
23.49,9.70,0.286,0.356,0.393,18.36,23.88,55,sableux,sorgho,1
31.95,56.71,0.287,0.356,0.460,104.18,32.82,39,sableux,maïs,1
25.63,42.44,0.108,0.027,0.300,86.98,28.92,33,loam,arachide,1
18.70,15.90,0.165,0.239,0.342,6.03,16.41,30,argileux,arachide,0
14.91,39.52,0.040,0.086,0.288,65.18,16.71,56,loam,arachide,1
28.06,68.95,0.453,0.422,0.619,113.85,25.30,89,sableux,maïs,1
34.89,15.54,0.244,0.231,0.390,50.89,38.32,99,sableux,mil,1
30.58,16.01,0.647,0.627,0.656,37.72,31.76,23,sableux,mil,1
30.54,14.17,0.320,0.181,0.341,11.95,32.46,114,loam,sorgho,0
30.26,5.12,0.141,0.148,0.224,30.95,31.19,33,argileux,riz,2
19.10,0.22,0.323,0.197,0.369,12.77,21.74,37,argileux,coton,1
22.47,52.74,0.399,0.362,0.522,31.62,24.48,81,sableux,coton,1
15.37,45.62,0.113,0.134,0.380,50.79,16.42,48,argileux,maïs,1
23.90,13.87,0.225,0.158,0.423,36.81,24.42,69,sableux,arachide,1
20.64,2.95,0.525,0.582,0.574,23.09,21.23,95,sableux,arachide,3
28.72,23.49,0.229,0.190,0.384,29.70,28.87,98,loam,coton,1
23.65,19.63,0.137,0.341,0.296,46.77,22.35,31,sableux,arachide,0
28.20,54.02,0.848,0.863,0.747,97.79,30.47,97,sableux,coton,3
29.20,1.33,0.172,0.182,0.252,20.49,29.32,80,loam,maïs,1
26.11,20.55,0.219,0.293,0.331,45.98,27.25,38,argileux,arachide,0
32.52,10.98,0.330,0.326,0.402,5.56,33.96,20,argileux,mil,1
26.01,17.05,0.441,0.540,0.405,35.28,27.83,12,argileux,maïs,1
22.53,9.54,0.295,0.319,0.422,23.45,24.17,107,loam,riz,1
31.24,9.99,0.347,0.316,0.428,0.00,31.72,62,argileux,coton,1
21.95,34.91,0.322,0.357,0.420,56.34,20.47,82,sableux,maïs,1
35.13,22.65,0.374,0.364,0.560,41.37,35.40,107,argileux,coton,1
25.80,16.83,0.510,0.474,0.583,24.04,26.78,57,sableux,mil,1
25.55,0.05,0.469,0.420,0.468,32.92,21.66,51,sableux,arachide,1
37.33,8.35,0.035,0.010,0.198,3.97,34.20,39,argileux,coton,0
23.55,0.11,0.365,0.400,0.388,30.09,23.87,109,sableux,mil,1
33.28,66.24,0.399,0.433,0.599,97.73,36.64,74,sableux,coton,1
25.01,6.03,0.285,0.367,0.328,0.00,26.22,8,argileux,maïs,2
37.00,34.85,0.185,0.165,0.396,51.32,40.00,107,sableux,riz,1
14.91,51.32,0.182,0.088,0.338,65.17,16.77,27,sableux,arachide,1
27.18,38.78,0.215,0.241,0.313,54.61,28.37,41,loam,maïs,1
25.75,16.95,0.514,0.421,0.441,56.78,28.73,56,argileux,mil,1
30.96,8.33,0.406,0.415,0.557,0.00,34.13,61,sableux,arachide,1
21.85,4.32,0.099,0.010,0.197,6.59,20.16,17,loam,arachide,0
21.05,45.18,0.114,0.113,0.285,62.18,20.75,82,loam,riz,1
22.66,8.53,0.364,0.428,0.448,16.14,22.73,60,loam,arachide,1
23.13,35.23,0.082,0.018,0.310,60.79,21.98,81,argileux,mil,1
30.67,119.12,0.076,0.081,0.386,162.27,32.34,103,argileux,riz,1
18.59,5.08,0.360,0.268,0.358,13.51,20.78,87,sableux,riz,1
16.02,23.73,0.214,0.167,0.312,31.78,15.85,105,argileux,coton,0
33.34,20.58,0.289,0.223,0.492,32.01,34.87,12,sableux,sorgho,1
23.48,39.01,0.015,0.010,0.260,60.19,21.55,112,sableux,riz,1
29.42,6.94,0.197,0.197,0.367,33.86,30.69,52,argileux,sorgho,1
28.48,30.99,0.132,0.015,0.315,57.16,25.87,73,sableux,arachide,1
26.06,7.16,0.135,0.160,0.251,4.21,24.35,38,sableux,sorgho,0
11.12,31.32,0.247,0.284,0.386,43.83,10.70,99,sableux,mil,4
27.03,9.02,0.454,0.484,0.486,7.52,27.35,18,argileux,riz,1
21.13,11.71,0.329,0.281,0.506,10.77,18.86,84,sableux,mil,1
15.33,0.26,0.344,0.309,0.477,38.18,16.00,87,sableux,sorgho,1
25.82,49.57,0.189,0.242,0.406,99.10,23.73,112,loam,sorgho,1
24.20,9.14,0.514,0.497,0.457,37.23,26.86,10,sableux,maïs,1
29.78,4.22,0.244,0.305,0.290,57.34,28.72,103,loam,arachide,1
23.79,26.62,0.435,0.335,0.530,44.53,21.25,22,argileux,sorgho,1
17.92,31.01,0.397,0.356,0.398,67.35,16.50,78,loam,coton,1
16.95,20.19,0.112,0.145,0.338,1.46,18.61,43,loam,mil,0
18.43,11.37,0.180,0.161,0.370,33.28,17.50,59,sableux,mil,1
12.53,4.02,0.389,0.428,0.419,2.18,14.41,34,loam,sorgho,1
25.61,2.26,0.253,0.302,0.339,43.98,25.11,113,argileux,riz,0
30.97,1.77,0.094,0.077,0.187,33.74,31.86,46,argileux,riz,0
15.22,7.50,0.045,0.164,0.218,38.91,15.40,94,sableux,riz,0
18.78,10.58,0.421,0.427,0.508,26.45,18.57,46,sableux,mil,1
18.26,87.55,0.377,0.304,0.526,90.92,18.12,56,argileux,arachide,1
38.67,1.94,0.294,0.230,0.384,1.86,37.51,72,sableux,riz,1
31.32,48.09,0.570,0.606,0.587,62.75,33.00,31,argileux,mil,1
20.70,40.29,0.588,0.488,0.657,49.67,23.63,95,loam,mil,3
24.29,6.62,0.177,0.290,0.206,30.98,26.39,85,argileux,maïs,0
24.15,1.15,0.046,0.116,0.273,0.00,26.98,106,loam,coton,0
11.07,1.57,0.445,0.447,0.476,31.47,14.25,70,argileux,coton,4
21.95,107.85,0.295,0.310,0.553,118.57,20.42,73,sableux,maïs,4
23.64,11.12,0.206,0.123,0.299,0.28,23.82,71,loam,coton,0
26.09,91.42,0.126,0.045,0.412,102.80,26.12,16,argileux,arachide,1
26.77,2.08,0.505,0.373,0.543,3.98,29.56,24,argileux,sorgho,1
22.57,4.79,0.027,0.010,0.289,19.06,21.56,25,sableux,arachide,0
24.22,13.58,0.271,0.424,0.404,21.39,20.88,2,sableux,arachide,1
18.99,14.92,0.251,0.451,0.374,12.22,21.49,71,argileux,maïs,1
23.63,37.20,0.158,0.194,0.315,42.75,24.08,4,argileux,sorgho,0
21.97,5.53,0.394,0.533,0.452,28.67,23.12,65,argileux,coton,1
27.12,61.47,0.101,0.127,0.385,43.51,31.13,60,sableux,arachide,1
26.51,28.01,0.331,0.422,0.343,29.79,26.90,66,loam,riz,0
21.33,9.72,0.529,0.447,0.549,48.05,23.12,116,argileux,mil,3
23.15,11.12,0.272,0.254,0.460,41.04,26.21,51,loam,mil,2
25.51,7.61,0.206,0.351,0.295,7.89,29.30,91,argileux,maïs,0
32.25,24.96,0.249,0.173,0.341,34.78,31.86,79,sableux,riz,0
27.08,6.47,0.332,0.288,0.407,0.00,31.25,65,loam,arachide,1
22.67,75.03,0.349,0.458,0.524,91.12,22.38,42,sableux,maïs,1
36.66,43.26,0.497,0.521,0.565,67.40,34.79,6,loam,riz,2
30.50,17.72,0.539,0.606,0.571,16.98,31.13,20,argileux,riz,1
28.17,63.01,0.054,0.023,0.250,38.11,27.21,85,loam,riz,0
17.42,10.19,0.044,0.010,0.207,27.02,17.76,7,loam,sorgho,4
26.80,2.07,0.066,0.115,0.317,29.04,26.87,3,argileux,sorgho,0
37.08,13.14,0.231,0.255,0.388,26.29,37.35,65,sableux,arachide,1
29.51,49.01,0.419,0.396,0.519,44.66,30.43,72,sableux,coton,1
24.12,17.90,0.036,0.127,0.254,24.07,26.97,25,sableux,mil,0
15.73,20.51,0.375,0.424,0.481,22.97,18.10,0,sableux,mil,1
29.49,0.94,0.103,0.157,0.335,24.01,30.16,47,sableux,mil,0
31.03,1.35,0.217,0.238,0.290,62.78,30.50,31,loam,coton,1
38.09,6.75,0.038,0.021,0.257,30.05,36.41,23,sableux,riz,0
30.82,14.88,0.067,0.077,0.287,40.88,31.82,64,argileux,mil,0
30.08,21.85,0.381,0.227,0.500,17.64,28.46,76,loam,coton,1
22.04,53.77,0.351,0.315,0.436,43.00,19.78,11,sableux,arachide,1
31.49,0.50,0.139,0.106,0.278,16.09,29.68,101,argileux,arachide,0
22.46,8.79,0.388,0.512,0.379,42.15,22.18,69,argileux,coton,1
22.07,8.14,0.450,0.475,0.493,25.41,24.50,50,argileux,maïs,1
33.92,94.95,0.184,0.104,0.479,109.47,34.23,113,argileux,coton,1
22.31,0.54,0.418,0.452,0.505,20.50,22.12,59,loam,arachide,1
20.52,12.46,0.120,0.236,0.289,2.37,18.27,43,argileux,sorgho,2
24.96,69.91,0.342,0.316,0.552,67.52,27.72,38,sableux,arachide,1
29.87,31.16,0.515,0.599,0.543,33.81,29.16,31,sableux,riz,1
20.59,5.74,0.214,0.165,0.308,37.64,21.72,23,loam,sorgho,0
28.36,1.36,0.382,0.415,0.492,61.32,27.97,69,sableux,maïs,1
17.27,9.27,0.222,0.212,0.373,9.93,13.15,89,argileux,coton,1
23.81,132.56,0.454,0.518,0.530,176.66,20.71,58,sableux,arachide,1
17.88,0.87,0.175,0.096,0.244,11.03,20.94,65,loam,coton,0
25.09,25.53,0.133,0.158,0.241,29.56,24.96,10,loam,riz,0
19.39,18.30,0.183,0.095,0.391,41.92,17.77,80,sableux,riz,1
27.26,3.90,0.171,0.159,0.343,12.26,23.80,115,sableux,mil,0
15.19,91.90,0.132,0.098,0.332,133.19,12.98,32,sableux,mil,1
26.31,16.51,0.195,0.128,0.328,5.32,26.27,35,argileux,sorgho,0
21.38,2.76,0.052,0.165,0.272,27.17,25.11,58,sableux,mil,0
15.29,82.66,0.576,0.633,0.672,87.99,16.84,24,argileux,riz,1
30.73,31.67,0.292,0.213,0.486,30.70,25.95,50,loam,mil,1
14.19,3.07,0.363,0.361,0.477,7.38,11.81,40,argileux,arachide,1
22.11,0.60,0.114,0.224,0.196,9.24,22.98,4,loam,sorgho,0
29.92,33.31,0.382,0.249,0.496,62.19,32.05,107,loam,mil,1
44.13,9.55,0.088,0.010,0.266,5.68,40.00,84,argileux,maïs,0
24.52,10.74,0.113,0.221,0.363,26.15,24.04,120,sableux,sorgho,1
30.49,31.12,0.095,0.052,0.407,51.05,29.30,58,loam,riz,1
19.70,28.69,0.228,0.309,0.271,4.39,17.90,81,loam,riz,0
27.40,18.71,0.069,0.010,0.380,58.65,28.65,49,argileux,sorgho,1
26.27,16.87,0.290,0.304,0.362,58.72,26.40,80,argileux,arachide,1
27.35,37.62,0.111,0.181,0.281,35.07,27.63,83,argileux,maïs,3
22.34,22.71,0.059,0.126,0.300,54.67,26.45,14,loam,coton,1
19.58,6.26,0.142,0.150,0.301,13.75,20.70,50,sableux,riz,0
39.02,12.48,0.078,0.024,0.235,22.39,37.20,10,loam,sorgho,3
28.84,21.40,0.369,0.407,0.453,28.17,30.13,117,argileux,riz,1
23.08,28.51,0.145,0.212,0.337,47.29,25.62,103,loam,arachide,0
11.86,5.50,0.233,0.208,0.384,57.08,12.38,43,argileux,mil,0
9.20,9.72,0.054,0.180,0.297,64.25,10.00,8,loam,arachide,1
25.43,2.51,0.476,0.589,0.594,0.00,22.71,75,loam,riz,1
22.41,11.91,0.381,0.371,0.425,16.22,22.11,110,sableux,sorgho,1
19.05,28.59,0.271,0.177,0.406,43.87,18.78,120,sableux,arachide,1
17.19,5.97,0.375,0.268,0.448,19.20,17.26,75,loam,mil,1
28.00,17.15,0.075,0.016,0.226,45.56,30.02,45,argileux,sorgho,0
12.90,13.56,0.234,0.277,0.306,9.00,16.09,31,sableux,riz,0
31.52,15.29,0.314,0.271,0.341,58.74,31.63,21,sableux,arachide,1
33.46,5.53,0.258,0.256,0.351,0.00,32.70,9,loam,maïs,1
27.75,45.96,0.583,0.606,0.628,21.84,28.22,59,loam,riz,1
27.36,40.96,0.254,0.275,0.432,51.57,27.04,77,loam,mil,1
21.74,27.41,0.667,0.697,0.567,47.85,24.03,4,argileux,coton,2
29.62,119.36,0.185,0.193,0.534,120.04,28.17,70,sableux,sorgho,1
22.29,3.41,0.339,0.420,0.354,46.67,23.75,73,sableux,sorgho,1
31.16,35.43,0.449,0.529,0.507,27.73,30.59,41,sableux,mil,1
19.78,45.66,0.622,0.590,0.628,58.25,21.99,48,argileux,riz,1
28.50,27.25,0.211,0.258,0.272,38.72,30.07,43,loam,maïs,0
23.86,30.28,0.034,0.057,0.194,17.05,24.89,96,sableux,riz,0
22.47,10.16,0.127,0.215,0.223,8.41,26.00,59,sableux,mil,0
29.84,0.86,0.247,0.179,0.447,17.81,30.60,119,argileux,arachide,1
22.82,4.53,0.072,0.078,0.261,0.00,19.14,25,sableux,coton,0
28.78,14.17,0.201,0.281,0.442,16.72,34.92,27,sableux,arachide,1
22.36,1.82,0.465,0.489,0.504,47.11,20.32,3,loam,sorgho,2
19.18,30.95,0.182,0.122,0.376,47.10,19.10,52,loam,arachide,1
16.08,15.23,0.289,0.308,0.369,30.73,18.32,82,sableux,sorgho,1
24.44,55.01,0.288,0.135,0.465,73.35,25.66,96,loam,coton,1
28.65,14.12,0.129,0.251,0.328,38.28,30.57,92,sableux,mil,0
21.45,61.93,0.167,0.146,0.399,36.32,20.69,56,argileux,arachide,1
19.83,0.77,0.219,0.088,0.359,9.96,23.34,68,loam,riz,1
22.59,2.56,0.252,0.159,0.346,0.00,22.77,90,loam,arachide,0
19.17,23.03,0.251,0.238,0.366,54.43,16.84,118,loam,mil,1
33.76,15.17,0.224,0.204,0.313,39.29,35.42,118,sableux,riz,0
27.80,30.53,0.237,0.276,0.408,103.12,32.33,60,sableux,arachide,1
17.30,20.34,0.533,0.586,0.491,31.26,17.29,102,argileux,mil,3
26.69,5.82,0.304,0.322,0.283,35.91,28.59,75,sableux,maïs,0
33.19,4.94,0.216,0.184,0.329,36.35,31.80,11,loam,maïs,0
26.99,7.82,0.142,0.212,0.326,25.11,27.16,28,argileux,mil,0
23.79,27.22,0.191,0.184,0.384,82.28,22.38,79,argileux,riz,1
38.84,19.56,0.374,0.510,0.499,18.61,38.99,101,argileux,arachide,1
15.47,13.18,0.299,0.172,0.341,32.33,17.28,110,argileux,coton,0
27.48,5.47,0.181,0.065,0.386,42.56,25.72,2,loam,sorgho,1
24.14,12.62,0.457,0.403,0.538,3.95,25.78,28,argileux,maïs,1
25.26,71.25,0.220,0.093,0.438,87.46,25.38,36,argileux,coton,1
26.61,1.77,0.010,0.091,0.225,0.00,28.22,118,loam,mil,0
19.92,12.82,0.377,0.391,0.415,38.97,17.17,56,loam,coton,1
14.40,59.96,0.262,0.260,0.481,118.31,10.00,27,sableux,arachide,1
25.19,30.90,0.375,0.319,0.498,40.10,26.45,48,argileux,sorgho,1
37.07,0.64,0.179,0.169,0.338,35.64,35.96,2,sableux,coton,0
42.37,48.08,0.268,0.274,0.455,86.01,40.00,7,loam,riz,1
11.20,9.52,0.175,0.117,0.271,25.37,11.50,48,argileux,coton,0
31.75,4.51,0.516,0.502,0.578,31.86,31.23,40,argileux,coton,1
18.82,2.65,0.385,0.368,0.438,20.73,20.54,3,sableux,mil,1
21.53,18.24,0.275,0.328,0.444,53.14,23.93,119,sableux,riz,1
21.41,81.18,0.536,0.560,0.606,89.44,23.73,109,argileux,arachide,3
26.15,56.46,0.160,0.172,0.299,70.87,23.73,111,loam,sorgho,1
19.52,40.67,0.373,0.375,0.537,74.64,19.93,18,loam,mil,1
34.27,15.88,0.255,0.217,0.422,11.48,39.56,76,sableux,arachide,1
19.17,65.58,0.534,0.580,0.554,54.82,19.48,117,sableux,arachide,3
22.62,17.16,0.427,0.306,0.492,49.54,22.17,54,argileux,mil,1
22.37,18.78,0.385,0.466,0.553,12.28,25.59,41,loam,coton,1
27.08,39.18,0.132,0.180,0.283,51.75,20.94,118,loam,sorgho,1
28.36,0.57,0.076,0.023,0.262,1.40,26.59,102,argileux,coton,0
23.79,24.89,0.344,0.319,0.382,25.28,27.73,99,argileux,maïs,1
19.85,20.05,0.238,0.351,0.384,13.39,20.44,31,argileux,maïs,1
20.99,2.62,0.268,0.159,0.464,0.00,18.00,48,argileux,mil,1
26.54,11.79,0.091,0.068,0.280,31.18,24.11,115,loam,riz,0
22.51,61.97,0.276,0.247,0.342,77.30,24.33,77,loam,sorgho,1
22.75,31.16,0.203,0.132,0.285,80.52,23.21,82,loam,sorgho,1
30.24,70.42,0.510,0.448,0.560,86.87,33.19,3,argileux,arachide,2
19.99,5.20,0.359,0.408,0.380,6.52,20.40,68,argileux,sorgho,1
30.42,3.26,0.141,0.082,0.284,43.63,31.57,116,loam,mil,0
27.58,32.79,0.407,0.406,0.464,0.00,27.45,46,loam,riz,1
29.69,0.66,0.370,0.420,0.443,11.18,26.54,103,loam,coton,1
32.88,60.95,0.353,0.381,0.540,70.48,29.55,19,loam,arachide,1
22.06,2.52,0.232,0.163,0.352,46.23,23.24,26,loam,arachide,1
24.86,23.94,0.186,0.152,0.346,51.80,26.99,106,loam,maïs,1
18.38,16.14,0.431,0.442,0.459,15.85,21.72,32,loam,mil,2
31.87,26.74,0.375,0.286,0.439,63.56,33.44,115,argileux,mil,1
22.21,47.62,0.486,0.484,0.466,63.22,23.07,104,sableux,mil,1
27.16,59.02,0.186,0.210,0.337,94.69,25.40,20,argileux,coton,1
27.11,9.53,0.368,0.344,0.369,34.59,27.38,35,loam,mil,1
26.79,33.58,0.531,0.565,0.499,43.60,25.45,31,loam,coton,1
20.49,46.76,0.794,0.784,0.706,68.91,21.13,52,argileux,arachide,1
30.23,1.71,0.117,0.096,0.208,13.62,31.29,105,loam,riz,0
23.04,7.01,0.223,0.307,0.424,46.68,20.68,3,argileux,riz,1
21.37,13.67,0.215,0.101,0.278,37.69,18.20,48,sableux,arachide,0
25.85,44.44,0.202,0.232,0.427,72.51,27.65,19,argileux,arachide,1
36.09,60.93,0.128,0.260,0.361,65.29,38.01,0,sableux,arachide,1
18.87,5.37,0.299,0.344,0.474,1.61,18.57,94,sableux,sorgho,1
23.04,62.03,0.366,0.231,0.398,71.98,21.99,7,sableux,mil,0
23.35,8.64,0.092,0.140,0.219,51.16,24.19,105,loam,arachide,1
29.47,7.08,0.076,0.065,0.178,27.82,25.27,2,argileux,riz,0
15.46,18.34,0.162,0.088,0.264,36.36,15.91,28,loam,sorgho,0
25.51,33.38,0.373,0.444,0.460,85.12,25.25,61,argileux,coton,1
23.21,18.49,0.063,0.010,0.265,7.91,22.29,11,sableux,sorgho,0
17.67,1.46,0.468,0.426,0.470,0.00,19.37,46,sableux,coton,1
23.04,8.13,0.256,0.382,0.451,17.39,23.72,53,argileux,riz,1
23.29,115.60,0.236,0.348,0.471,133.48,26.91,63,sableux,mil,1
26.27,18.87,0.290,0.190,0.336,30.07,27.40,21,loam,maïs,0
21.96,7.11,0.090,0.201,0.287,40.78,20.01,2,loam,coton,0
20.21,95.09,0.102,0.314,0.404,130.23,14.54,5,loam,maïs,1
22.31,3.94,0.724,0.634,0.651,0.00,23.04,42,argileux,mil,1
17.03,57.71,0.301,0.214,0.349,42.36,17.38,75,argileux,coton,0
31.41,31.11,0.055,0.073,0.244,55.99,34.47,40,argileux,arachide,1
17.63,25.02,0.099,0.091,0.262,42.39,15.58,91,loam,arachide,0
17.97,11.30,0.325,0.360,0.364,29.50,18.06,51,loam,mil,1
39.25,47.61,0.135,0.316,0.246,45.15,40.00,7,argileux,mil,0
28.01,3.87,0.596,0.561,0.582,0.00,29.52,21,loam,maïs,1
17.47,31.11,0.267,0.228,0.392,37.22,15.86,8,loam,maïs,1
29.35,73.25,0.225,0.162,0.477,106.36,28.24,3,argileux,arachide,1
16.89,0.57,0.553,0.583,0.543,30.29,19.06,79,loam,arachide,1
28.83,30.89,0.016,0.011,0.134,39.56,31.09,38,loam,riz,0
18.79,17.01,0.058,0.023,0.297,39.31,18.47,112,sableux,mil,4
17.36,18.30,0.076,0.016,0.177,20.11,18.71,48,sableux,riz,0
23.80,32.17,0.472,0.411,0.522,65.96,25.00,117,loam,arachide,1
30.42,5.66,0.260,0.351,0.398,17.38,27.95,90,loam,arachide,1
31.52,4.28,0.751,0.688,0.682,36.82,32.96,73,argileux,coton,1
29.77,12.18,0.169,0.268,0.361,43.09,28.61,111,sableux,coton,1
19.81,40.98,0.163,0.185,0.342,94.28,19.92,75,argileux,sorgho,1
19.66,35.22,0.433,0.397,0.526,56.11,22.06,70,sableux,mil,1
31.93,0.57,0.408,0.412,0.452,9.00,33.96,57,loam,riz,1
33.32,11.04,0.383,0.495,0.340,9.96,30.69,63,loam,maïs,0
31.51,45.25,0.093,0.137,0.238,48.53,36.17,76,argileux,arachide,0
18.17,12.71,0.161,0.267,0.344,27.51,21.40,66,argileux,sorgho,0
16.70,7.02,0.361,0.261,0.440,4.53,18.32,105,sableux,coton,1
18.25,13.16,0.311,0.193,0.310,0.00,17.68,44,argileux,mil,0
36.65,26.29,0.319,0.259,0.361,10.93,35.83,36,loam,mil,1
31.83,165.39,0.467,0.517,0.675,159.67,36.21,74,loam,mil,1
22.68,18.79,0.399,0.494,0.397,21.73,22.56,102,loam,arachide,1
32.55,83.61,0.562,0.525,0.667,79.44,31.85,107,loam,riz,3
26.22,18.39,0.371,0.164,0.497,26.73,25.42,101,sableux,mil,1
24.61,14.56,0.147,0.185,0.312,0.00,26.87,49,sableux,coton,0
22.91,2.12,0.105,0.066,0.281,32.60,22.61,63,sableux,mil,0
26.05,30.72,0.178,0.178,0.332,47.08,27.63,5,argileux,mil,0
31.10,26.55,0.161,0.171,0.366,49.10,29.51,110,sableux,sorgho,1
21.41,32.49,0.227,0.312,0.343,5.52,22.22,14,argileux,coton,0
18.15,13.77,0.116,0.173,0.264,41.11,14.21,59,loam,mil,0
34.00,61.58,0.310,0.305,0.372,82.19,35.74,89,argileux,coton,1
31.59,55.58,0.143,0.219,0.444,80.42,30.56,18,argileux,sorgho,1
23.41,14.24,0.250,0.115,0.439,0.00,22.09,45,sableux,maïs,1
27.68,39.83,0.099,0.010,0.440,103.57,26.42,55,sableux,arachide,1
24.97,47.97,0.464,0.382,0.549,27.00,28.85,117,loam,riz,1
17.34,1.72,0.548,0.559,0.580,26.47,20.91,98,loam,riz,3
27.57,2.68,0.122,0.141,0.404,26.28,27.46,6,sableux,maïs,0
23.77,73.64,0.134,0.268,0.392,97.17,21.98,119,sableux,sorgho,1
30.62,7.99,0.305,0.271,0.481,24.47,30.45,40,sableux,arachide,1
13.53,0.61,0.288,0.321,0.385,50.58,12.03,71,sableux,coton,1
11.54,0.98,0.433,0.416,0.434,25.84,13.46,68,loam,mil,1
26.76,31.79,0.428,0.506,0.574,13.85,25.26,5,argileux,riz,2
23.36,0.51,0.331,0.291,0.388,32.80,23.96,99,sableux,arachide,1
30.30,4.77,0.485,0.439,0.526,0.00,33.16,25,sableux,riz,1
23.47,1.89,0.081,0.113,0.246,41.96,21.27,22,argileux,riz,0
25.97,6.05,0.549,0.546,0.411,22.67,23.43,16,argileux,sorgho,1
28.29,17.19,0.048,0.156,0.271,64.68,26.20,85,argileux,mil,1
31.03,1.11,0.495,0.350,0.525,13.52,32.37,120,argileux,coton,1
31.96,82.82,0.530,0.620,0.673,91.64,31.57,117,sableux,arachide,3
20.80,10.49,0.414,0.420,0.473,27.80,19.89,35,loam,maïs,1
25.98,11.29,0.280,0.416,0.353,17.33,25.21,41,loam,sorgho,1
29.89,117.67,0.404,0.482,0.608,112.22,27.57,89,loam,maïs,1
32.61,27.72,0.182,0.175,0.267,25.70,32.07,58,loam,sorgho,0
18.84,8.58,0.105,0.014,0.261,7.15,19.95,88,argileux,mil,0
26.14,49.98,0.501,0.381,0.545,87.70,28.69,43,argileux,sorgho,1
34.99,17.05,0.170,0.130,0.278,25.62,35.55,82,argileux,arachide,0
30.87,8.30,0.169,0.129,0.343,44.51,27.12,49,sableux,arachide,3
31.92,13.15,0.248,0.168,0.329,35.07,31.53,117,argileux,maïs,0
25.79,72.82,0.104,0.103,0.299,115.79,22.51,120,sableux,maïs,1
10.81,0.65,0.161,0.239,0.271,31.84,11.64,86,loam,arachide,0
33.13,31.84,0.027,0.147,0.190,22.41,33.06,1,loam,mil,0
25.17,18.47,0.227,0.256,0.388,74.45,23.73,52,loam,mil,1
24.00,62.49,0.010,0.010,0.277,98.53,24.17,33,loam,riz,1
20.01,6.71,0.218,0.156,0.357,25.03,22.17,19,loam,maïs,1
23.24,17.19,0.426,0.410,0.486,32.04,24.22,101,argileux,mil,1
36.81,38.48,0.418,0.302,0.426,62.17,38.74,92,loam,sorgho,1
24.64,116.67,0.286,0.322,0.504,131.66,26.37,11,argileux,riz,1
16.35,12.77,0.287,0.402,0.299,40.29,16.66,20,argileux,coton,0
14.08,22.62,0.096,0.132,0.262,10.68,16.06,90,loam,arachide,0
25.39,35.71,0.420,0.218,0.522,73.65,24.22,49,loam,maïs,1
28.46,17.21,0.688,0.651,0.613,48.22,28.16,22,argileux,maïs,1
29.07,38.59,0.470,0.403,0.590,56.59,29.09,14,sableux,maïs,1
19.01,72.53,0.720,0.628,0.630,71.43,17.68,41,loam,coton,1
28.10,18.06,0.152,0.113,0.315,48.14,26.69,69,loam,arachide,0
24.95,41.62,0.598,0.703,0.678,56.53,24.79,58,argileux,arachide,1
19.10,6.31,0.260,0.341,0.444,37.97,17.89,45,sableux,arachide,1
21.03,54.11,0.460,0.464,0.504,94.79,21.44,28,sableux,maïs,1
28.49,24.66,0.372,0.356,0.549,31.45,26.23,60,argileux,arachide,1
22.21,39.18,0.290,0.265,0.479,84.56,22.52,41,sableux,coton,1
21.14,9.07,0.137,0.166,0.335,33.61,20.93,35,loam,arachide,0
23.09,2.52,0.283,0.288,0.442,35.25,22.28,66,sableux,arachide,1
29.61,19.64,0.367,0.351,0.460,34.91,31.30,78,sableux,sorgho,1
27.32,27.33,0.076,0.237,0.374,90.29,26.21,63,loam,maïs,1
20.11,29.34,0.389,0.383,0.546,35.67,17.10,52,argileux,riz,1
21.01,48.27,0.210,0.283,0.423,83.60,21.48,90,argileux,mil,1
31.21,19.66,0.116,0.205,0.316,30.41,29.58,87,loam,maïs,0
28.09,8.64,0.257,0.191,0.352,17.42,26.00,82,argileux,sorgho,1
28.50,4.81,0.215,0.175,0.244,0.00,28.25,58,sableux,maïs,0
29.74,6.81,0.195,0.028,0.305,1.42,26.93,42,loam,arachide,0
19.31,8.42,0.631,0.624,0.592,13.04,18.55,88,loam,coton,3
23.59,72.33,0.546,0.542,0.636,70.04,23.74,59,argileux,arachide,1
28.45,16.72,0.449,0.502,0.400,22.00,23.32,12,sableux,mil,1
16.32,5.19,0.325,0.264,0.440,20.09,20.64,108,sableux,riz,1
32.37,7.67,0.121,0.156,0.215,21.90,31.97,119,argileux,coton,0
23.70,64.79,0.119,0.066,0.362,90.74,19.25,64,argileux,coton,1
25.75,22.20,0.148,0.300,0.248,39.46,25.46,101,sableux,mil,0
32.56,17.29,0.686,0.655,0.608,34.46,33.71,109,loam,mil,3
24.62,21.14,0.054,0.061,0.207,0.00,22.33,23,sableux,sorgho,0
17.96,0.48,0.298,0.328,0.387,17.09,14.58,77,loam,riz,1
17.53,7.20,0.370,0.426,0.472,11.56,15.88,116,argileux,coton,1
14.51,19.07,0.123,0.106,0.343,38.76,16.49,31,loam,riz,0
28.17,34.45,0.333,0.353,0.372,50.33,28.13,42,sableux,riz,1
27.47,0.18,0.128,0.033,0.328,5.67,26.49,100,argileux,sorgho,0
21.96,48.50,0.560,0.532,0.578,48.97,26.60,18,argileux,sorgho,1
21.90,30.18,0.321,0.285,0.484,60.55,20.27,34,argileux,arachide,1
22.79,12.07,0.043,0.010,0.171,12.04,23.97,56,argileux,mil,0
31.82,1.31,0.606,0.613,0.578,0.00,26.64,70,loam,sorgho,1
20.71,55.48,0.034,0.010,0.194,57.58,24.08,61,sableux,mil,1
11.51,16.67,0.279,0.198,0.409,53.33,14.48,110,loam,sorgho,1
22.43,49.52,0.078,0.010,0.274,79.03,21.73,70,argileux,coton,1
17.21,2.84,0.563,0.612,0.611,48.97,18.47,115,loam,riz,3
24.27,5.68,0.351,0.267,0.418,0.00,23.65,103,sableux,sorgho,1
21.81,81.37,0.239,0.255,0.447,119.22,22.32,30,sableux,arachide,1
21.26,1.52,0.147,0.172,0.295,14.61,20.38,12,sableux,sorgho,0
28.45,2.67,0.182,0.114,0.364,24.37,23.70,73,argileux,riz,0
29.41,71.79,0.335,0.347,0.465,105.65,32.55,118,argileux,sorgho,1
20.31,10.14,0.341,0.240,0.391,20.64,22.91,71,sableux,riz,1
23.82,52.67,0.501,0.537,0.637,74.09,27.18,47,sableux,maïs,1
22.79,28.79,0.271,0.358,0.400,85.43,18.79,6,sableux,riz,1
27.96,50.29,0.192,0.408,0.501,71.08,28.69,31,loam,sorgho,1
21.65,60.47,0.030,0.010,0.334,76.86,21.74,19,loam,sorgho,1
22.31,35.57,0.325,0.393,0.497,26.75,21.96,20,sableux,coton,1
24.79,152.10,0.392,0.414,0.559,196.84,27.24,68,sableux,mil,1
18.06,32.79,0.354,0.434,0.415,44.69,16.57,60,argileux,coton,1
13.37,11.69,0.143,0.052,0.223,10.50,15.13,114,sableux,sorgho,1
27.41,82.46,0.248,0.191,0.375,134.17,30.36,66,sableux,sorgho,1
28.63,5.76,0.170,0.306,0.360,4.97,29.00,58,loam,mil,1
27.33,55.64,0.061,0.083,0.359,88.71,28.24,51,argileux,riz,1
25.89,15.52,0.224,0.199,0.282,0.92,24.55,75,argileux,arachide,0
23.30,5.05,0.124,0.132,0.293,8.34,23.88,4,argileux,arachide,0
19.76,36.28,0.137,0.120,0.238,59.81,20.18,32,sableux,sorgho,1
24.47,17.87,0.431,0.469,0.468,26.71,22.63,33,sableux,riz,1
17.02,6.65,0.124,0.045,0.268,23.13,18.31,115,loam,coton,0
18.10,1.44,0.247,0.221,0.353,0.00,19.85,32,loam,maïs,1
9.34,13.01,0.010,0.010,0.204,5.19,10.40,12,loam,arachide,0
24.23,13.24,0.567,0.651,0.580,14.68,24.01,51,sableux,coton,1
32.42,85.04,0.205,0.195,0.465,95.04,35.44,8,argileux,maïs,1
14.87,19.83,0.293,0.304,0.418,13.97,10.00,40,sableux,arachide,0
30.46,2.46,0.444,0.354,0.409,0.00,28.78,41,loam,coton,1
28.32,3.84,0.287,0.180,0.386,33.33,28.40,52,argileux,arachide,1
27.87,11.32,0.025,0.021,0.237,1.21,27.35,57,loam,arachide,0
31.03,13.25,0.262,0.263,0.413,2.99,34.07,60,loam,arachide,1
26.02,3.83,0.367,0.424,0.482,51.04,30.81,41,loam,arachide,1
15.71,35.67,0.444,0.341,0.613,66.09,13.80,31,loam,sorgho,1
29.74,14.13,0.092,0.167,0.174,0.00,27.24,4,loam,riz,0
29.36,4.70,0.120,0.147,0.283,0.00,29.51,77,argileux,coton,0
23.51,48.03,0.383,0.369,0.494,84.12,23.46,43,argileux,arachide,1
24.96,26.01,0.087,0.010,0.278,13.59,26.03,74,argileux,mil,0
20.29,15.50,0.528,0.424,0.549,30.16,19.17,3,loam,arachide,2
29.63,60.82,0.231,0.274,0.412,61.75,29.86,76,argileux,mil,1
19.79,1.51,0.130,0.055,0.277,38.54,19.19,98,loam,riz,0
19.03,56.85,0.233,0.337,0.430,34.97,17.33,49,sableux,mil,1
22.27,1.78,0.028,0.010,0.150,0.00,22.22,40,loam,mil,0
18.95,26.67,0.213,0.140,0.344,25.90,19.88,9,argileux,sorgho,0
19.04,10.30,0.072,0.010,0.250,16.17,19.25,30,sableux,riz,0
23.95,11.45,0.219,0.321,0.355,39.99,24.61,45,sableux,sorgho,1
23.20,0.52,0.268,0.295,0.459,0.00,23.28,34,sableux,riz,1
30.06,81.01,0.288,0.309,0.464,131.60,29.67,4,argileux,maïs,1
23.67,20.71,0.114,0.172,0.280,53.57,23.82,55,argileux,mil,1
26.81,22.00,0.188,0.074,0.397,34.44,28.76,118,argileux,mil,1
30.16,19.71,0.029,0.089,0.233,40.84,29.08,50,argileux,arachide,0
24.32,24.56,0.284,0.313,0.422,52.71,25.20,111,sableux,coton,1
20.83,23.65,0.709,0.628,0.539,14.06,19.17,14,sableux,sorgho,1
26.78,112.19,0.258,0.251,0.465,82.07,26.89,118,sableux,riz,1
35.01,61.70,0.134,0.191,0.373,71.34,32.45,26,argileux,riz,1
23.70,12.36,0.083,0.115,0.276,25.41,24.20,108,loam,coton,0
30.14,25.61,0.185,0.115,0.291,36.53,28.64,106,argileux,coton,0
17.84,0.05,0.661,0.600,0.545,6.66,17.49,66,argileux,riz,4
39.88,16.15,0.487,0.580,0.489,52.09,38.62,60,argileux,maïs,1
20.94,4.30,0.069,0.068,0.211,14.95,15.65,29,argileux,mil,0
24.62,36.09,0.711,0.770,0.640,75.10,25.73,67,loam,coton,1
33.54,4.32,0.327,0.478,0.434,20.16,33.10,41,argileux,maïs,1
20.83,194.64,0.015,0.012,0.436,209.93,21.88,112,argileux,sorgho,1
22.98,30.86,0.141,0.245,0.311,41.42,24.97,70,loam,mil,0
36.76,70.63,0.267,0.274,0.466,55.11,35.04,96,argileux,coton,1
18.52,84.99,0.252,0.351,0.435,117.01,16.48,44,argileux,riz,1
26.50,14.22,0.155,0.095,0.273,0.00,27.67,112,argileux,riz,0
26.17,6.20,0.132,0.080,0.262,28.93,26.01,38,loam,arachide,0
30.84,0.75,0.198,0.245,0.272,0.00,30.28,4,argileux,arachide,0
25.37,91.72,0.644,0.627,0.690,126.16,26.56,48,loam,mil,1
28.01,5.16,0.168,0.177,0.309,39.33,29.06,54,argileux,mil,0
30.29,9.25,0.308,0.420,0.450,45.95,32.39,59,argileux,riz,1
22.90,6.87,0.130,0.145,0.370,22.07,24.58,24,sableux,mil,1
18.44,24.91,0.240,0.303,0.291,21.51,17.53,53,loam,riz,0
21.81,54.33,0.243,0.256,0.489,104.39,21.34,85,loam,sorgho,1
33.52,8.26,0.184,0.253,0.352,22.81,34.02,97,sableux,coton,1
32.59,39.09,0.133,0.278,0.293,24.66,32.11,120,loam,mil,0
18.71,109.26,0.367,0.325,0.507,95.27,16.09,50,sableux,riz,2
28.11,39.62,0.336,0.302,0.375,67.59,26.04,78,loam,mil,1
19.05,40.57,0.134,0.067,0.330,76.44,22.05,97,loam,maïs,1
27.06,23.42,0.085,0.010,0.215,39.92,28.56,49,sableux,riz,0
24.33,10.68,0.216,0.209,0.330,38.22,27.16,26,loam,sorgho,0
24.14,6.51,0.158,0.257,0.316,26.73,24.45,38,loam,arachide,0
32.95,40.27,0.501,0.579,0.431,58.39,32.20,41,argileux,coton,1
14.55,35.29,0.309,0.310,0.456,46.95,16.31,119,argileux,mil,1
44.92,9.82,0.228,0.218,0.319,25.82,40.00,49,argileux,maïs,0
21.54,39.18,0.073,0.150,0.236,94.80,23.90,37,loam,coton,1
37.20,13.81,0.518,0.570,0.532,30.64,38.05,88,sableux,coton,0
30.46,0.99,0.311,0.299,0.284,11.91,29.58,14,argileux,sorgho,0
23.04,2.01,0.079,0.041,0.225,41.87,21.52,31,argileux,riz,0
17.78,12.05,0.454,0.519,0.473,15.64,17.86,88,loam,maïs,1
30.38,19.50,0.289,0.376,0.353,21.79,26.31,26,loam,sorgho,1
30.64,55.42,0.158,0.199,0.359,66.53,27.11,47,loam,sorgho,1
19.33,24.24,0.365,0.481,0.383,29.79,16.48,97,argileux,sorgho,1
27.02,22.29,0.209,0.256,0.278,41.74,25.88,34,loam,riz,0
27.75,39.41,0.177,0.335,0.316,95.66,26.49,40,argileux,mil,1
33.74,14.88,0.491,0.404,0.533,28.03,34.04,107,sableux,coton,1
26.05,28.00,0.138,0.037,0.372,76.95,26.40,86,sableux,coton,1
24.86,7.22,0.473,0.437,0.408,36.34,22.13,76,sableux,arachide,1
26.74,14.61,0.512,0.547,0.506,25.09,23.23,71,sableux,coton,1
26.80,34.02,0.194,0.223,0.364,71.96,27.84,108,loam,riz,1
22.74,17.28,0.103,0.027,0.298,40.82,22.78,114,sableux,riz,0
24.88,1.55,0.453,0.399,0.468,0.00,25.25,120,argileux,maïs,1
22.96,8.76,0.425,0.431,0.468,45.13,19.40,16,sableux,sorgho,1
17.86,18.89,0.202,0.187,0.334,8.47,20.00,84,sableux,riz,0
23.21,45.48,0.330,0.267,0.467,59.78,24.99,55,argileux,mil,1
23.11,19.60,0.155,0.087,0.364,28.93,22.61,113,argileux,mil,1
31.25,42.15,0.128,0.106,0.384,58.11,33.96,63,loam,riz,1
30.02,1.04,0.520,0.506,0.585,38.28,26.93,83,loam,mil,3
34.31,37.61,0.155,0.159,0.397,65.70,34.25,69,sableux,sorgho,1
29.66,30.28,0.134,0.182,0.277,42.35,29.31,10,sableux,coton,0
19.75,87.18,0.464,0.558,0.596,113.44,21.63,1,loam,riz,3
21.53,13.12,0.468,0.471,0.487,34.34,22.70,109,loam,maïs,1
30.50,76.25,0.045,0.010,0.326,63.28,34.26,108,argileux,maïs,1
22.28,12.01,0.483,0.497,0.566,36.25,20.39,2,loam,arachide,2
15.89,76.39,0.376,0.248,0.596,59.46,13.82,76,argileux,riz,1
15.24,0.95,0.681,0.637,0.609,19.55,11.02,118,argileux,sorgho,3
25.04,18.41,0.119,0.099,0.344,59.04,23.04,33,sableux,arachide,1
27.08,0.61,0.420,0.518,0.443,0.00,25.51,65,sableux,sorgho,1
30.68,21.42,0.167,0.275,0.331,75.60,33.56,47,sableux,sorgho,1
20.28,66.37,0.183,0.010,0.319,67.41,22.33,96,argileux,mil,1
9.99,34.56,0.163,0.352,0.334,74.04,10.52,9,sableux,coton,4
14.16,22.35,0.274,0.256,0.450,20.16,14.32,59,sableux,arachide,1
33.37,2.62,0.394,0.473,0.461,11.10,34.16,22,loam,arachide,1
35.10,64.81,0.360,0.333,0.497,80.59,32.27,68,loam,maïs,1
18.19,0.54,0.566,0.548,0.606,21.10,18.68,100,loam,arachide,3
15.28,33.48,0.334,0.309,0.431,91.05,13.45,71,argileux,riz,1
20.67,23.51,0.274,0.226,0.436,32.48,17.38,21,loam,arachide,1
22.27,35.29,0.449,0.476,0.537,28.85,25.79,4,sableux,riz,2
26.40,11.38,0.269,0.181,0.368,58.92,27.95,29,argileux,riz,1
24.19,0.17,0.375,0.295,0.342,3.73,24.40,29,sableux,maïs,0
32.46,30.40,0.431,0.517,0.483,23.42,34.89,10,argileux,sorgho,1
24.51,18.00,0.190,0.196,0.293,19.45,23.85,101,sableux,coton,1
21.77,1.76,0.175,0.245,0.337,21.27,18.88,67,sableux,sorgho,0
17.53,8.48,0.317,0.214,0.441,26.15,19.77,63,sableux,maïs,1
6.94,8.37,0.097,0.181,0.148,26.91,10.00,74,loam,sorgho,0
26.04,6.91,0.399,0.408,0.510,35.64,23.71,29,loam,arachide,1
20.54,1.06,0.709,0.739,0.597,26.99,23.13,1,argileux,coton,2
25.03,9.94,0.137,0.212,0.403,19.53,22.30,72,sableux,riz,2
28.59,9.78,0.066,0.123,0.168,45.22,27.46,29,loam,sorgho,0
36.06,29.52,0.163,0.149,0.322,55.41,37.58,50,loam,maïs,1
33.43,9.64,0.223,0.254,0.281,12.09,32.62,108,sableux,riz,0
11.12,22.47,0.370,0.298,0.473,83.06,12.13,39,loam,coton,1
26.02,134.13,0.281,0.204,0.544,119.06,26.03,62,argileux,arachide,1
19.24,32.08,0.362,0.138,0.387,59.36,19.16,21,loam,sorgho,1
23.75,4.04,0.277,0.269,0.331,31.14,25.25,56,loam,riz,0
15.93,16.24,0.085,0.042,0.179,35.33,16.29,50,argileux,mil,0
21.34,16.90,0.160,0.076,0.267,59.84,22.18,9,loam,maïs,1
32.33,107.75,0.164,0.259,0.382,107.61,28.19,51,loam,mil,1
20.75,16.94,0.096,0.129,0.332,14.97,20.41,24,argileux,sorgho,0
28.36,2.76,0.075,0.106,0.235,22.85,25.72,5,loam,arachide,0
27.16,7.67,0.274,0.279,0.420,44.68,24.66,58,argileux,riz,1
28.91,39.74,0.572,0.592,0.572,56.94,26.86,29,sableux,arachide,1
33.24,2.29,0.780,0.813,0.677,36.09,35.05,101,sableux,riz,3
23.34,55.75,0.312,0.437,0.444,51.64,26.34,59,sableux,sorgho,1
29.62,7.75,0.133,0.197,0.287,33.95,28.85,72,loam,arachide,3
36.47,2.37,0.306,0.364,0.417,22.29,37.45,81,argileux,arachide,1
21.70,39.49,0.172,0.126,0.368,61.68,24.20,7,sableux,coton,1
12.37,2.25,0.348,0.217,0.434,53.70,14.03,0,loam,mil,1
22.08,31.23,0.104,0.275,0.342,84.17,21.87,92,sableux,maïs,1
25.69,182.95,0.224,0.085,0.494,185.04,24.57,91,loam,arachide,1
15.71,32.42,0.187,0.251,0.377,21.43,13.35,99,argileux,arachide,1
21.38,38.72,0.424,0.534,0.486,25.01,21.74,92,sableux,mil,1
33.54,0.70,0.322,0.298,0.451,0.00,33.20,42,argileux,coton,1
28.62,0.93,0.294,0.329,0.339,33.42,27.89,107,loam,coton,0
24.28,76.99,0.114,0.010,0.350,95.24,27.31,45,sableux,sorgho,1
11.76,1.73,0.294,0.338,0.317,42.09,11.31,118,argileux,sorgho,0
24.97,0.89,0.264,0.217,0.319,12.29,25.39,14,argileux,sorgho,0
29.12,209.32,0.149,0.124,0.578,217.20,29.83,41,sableux,arachide,1
31.67,11.18,0.344,0.239,0.451,32.41,32.04,113,loam,sorgho,1
25.86,36.38,0.366,0.309,0.450,23.99,26.45,13,sableux,mil,1
25.68,22.09,0.101,0.167,0.233,17.13,29.03,74,sableux,mil,0
16.72,48.96,0.145,0.086,0.362,66.60,17.43,117,argileux,arachide,1
31.92,69.98,0.291,0.308,0.476,79.65,31.91,52,loam,coton,1
24.17,41.91,0.246,0.113,0.438,61.08,24.67,52,argileux,sorgho,1
32.76,164.96,0.170,0.064,0.502,164.38,31.51,71,loam,mil,1
14.81,7.77,0.069,0.041,0.308,0.00,12.45,81,loam,sorgho,0
20.34,20.38,0.236,0.145,0.350,10.81,20.66,110,sableux,sorgho,1
26.11,6.63,0.213,0.357,0.376,28.35,24.52,88,loam,sorgho,1
14.96,23.73,0.044,0.015,0.159,20.63,15.80,24,sableux,mil,0
26.33,30.11,0.470,0.517,0.519,43.79,25.79,47,argileux,riz,1
22.83,15.69,0.071,0.081,0.219,6.85,19.51,91,argileux,arachide,0
39.42,29.48,0.220,0.168,0.393,22.54,40.00,68,argileux,arachide,3
33.59,21.64,0.387,0.461,0.413,35.01,33.59,49,loam,mil,1
34.75,65.63,0.343,0.377,0.393,50.29,35.19,115,argileux,mil,1
29.78,39.51,0.212,0.076,0.346,40.21,29.63,42,argileux,riz,4
14.45,3.11,0.335,0.333,0.429,0.00,12.97,96,argileux,mil,1
25.10,10.61,0.108,0.119,0.233,11.27,25.10,30,sableux,maïs,1
26.89,16.39,0.179,0.102,0.283,56.58,25.79,111,sableux,riz,1
25.14,86.87,0.309,0.300,0.507,136.90,25.58,53,loam,arachide,1
17.52,12.45,0.053,0.010,0.257,34.74,14.36,27,loam,arachide,0
16.30,42.06,0.260,0.323,0.415,64.98,15.59,77,sableux,riz,1
26.84,44.54,0.494,0.422,0.581,75.32,30.90,64,sableux,arachide,1
18.65,22.30,0.365,0.248,0.403,26.39,18.66,107,argileux,sorgho,1
14.50,6.97,0.542,0.575,0.548,27.67,13.57,43,loam,coton,1
20.04,2.79,0.363,0.373,0.391,0.00,20.28,115,argileux,mil,1
29.25,61.89,0.480,0.366,0.537,65.75,28.02,113,loam,mil,1
30.18,74.33,0.086,0.128,0.320,74.30,30.60,78,loam,arachide,3
29.20,71.00,0.210,0.171,0.460,128.23,28.79,82,argileux,riz,1
31.12,10.67,0.166,0.245,0.245,10.45,29.54,7,sableux,riz,0
20.38,4.38,0.644,0.578,0.599,12.09,22.21,38,argileux,mil,3
30.91,1.16,0.106,0.098,0.183,2.55,30.13,27,argileux,maïs,0
13.47,41.26,0.201,0.175,0.392,53.20,14.29,17,argileux,sorgho,1
32.69,1.57,0.283,0.187,0.320,7.60,34.67,112,argileux,arachide,3
26.14,16.34,0.510,0.406,0.508,22.22,26.83,95,argileux,arachide,3
24.32,11.57,0.652,0.620,0.661,33.16,22.97,58,sableux,coton,1
17.21,4.88,0.747,0.758,0.712,32.21,17.45,17,argileux,coton,1
27.23,146.53,0.270,0.167,0.547,200.78,25.59,53,argileux,mil,1
42.52,18.11,0.278,0.195,0.468,1.19,40.00,106,loam,mil,1
25.51,1.91,0.616,0.662,0.539,42.11,25.11,50,argileux,arachide,1
23.91,56.54,0.208,0.191,0.327,65.26,22.00,1,argileux,maïs,1
32.44,2.11,0.294,0.257,0.361,16.76,34.11,30,loam,riz,1
38.71,6.20,0.270,0.416,0.422,21.92,40.00,91,argileux,maïs,0
23.08,32.48,0.168,0.103,0.385,50.56,22.25,2,argileux,coton,1
21.43,13.51,0.089,0.051,0.259,40.72,20.48,32,argileux,riz,0
27.79,3.94,0.205,0.189,0.277,27.58,29.27,75,loam,mil,0
32.06,104.69,0.158,0.195,0.389,93.61,33.46,101,sableux,sorgho,1
26.59,50.10,0.260,0.280,0.411,63.12,24.55,50,argileux,riz,1
10.51,1.80,0.241,0.230,0.398,36.63,10.42,107,argileux,sorgho,1
21.14,54.13,0.025,0.010,0.272,62.59,23.66,4,argileux,coton,1
23.04,64.42,0.085,0.084,0.379,71.91,24.35,19,loam,riz,1
29.31,3.34,0.342,0.395,0.396,0.00,27.97,40,argileux,mil,1
28.24,2.87,0.369,0.313,0.416,25.00,26.59,53,sableux,arachide,1
24.05,30.91,0.415,0.496,0.492,29.21,25.00,34,loam,sorgho,1
24.89,5.08,0.162,0.010,0.221,2.67,23.73,5,sableux,arachide,0
18.37,9.21,0.382,0.415,0.425,14.48,18.67,67,sableux,riz,1
19.54,6.51,0.330,0.300,0.489,61.65,19.71,109,loam,maïs,1
26.91,67.63,0.388,0.510,0.559,76.80,24.23,73,sableux,maïs,2
19.41,26.31,0.144,0.194,0.377,66.30,16.54,120,loam,mil,1
22.75,0.86,0.170,0.238,0.291,31.74,23.70,59,argileux,coton,0
13.64,15.84,0.064,0.053,0.287,4.79,15.22,50,loam,mil,0
29.88,19.83,0.241,0.327,0.369,30.29,32.38,80,argileux,maïs,1
26.48,46.77,0.250,0.206,0.422,26.51,29.34,14,argileux,coton,1
25.41,48.32,0.261,0.355,0.365,50.62,28.33,11,loam,riz,1
17.36,137.40,0.430,0.361,0.589,139.23,17.99,110,sableux,sorgho,1
34.24,37.51,0.165,0.136,0.362,54.55,35.11,19,loam,mil,1
15.61,16.98,0.072,0.122,0.223,13.69,14.34,4,argileux,mil,0
21.84,65.00,0.481,0.335,0.603,105.41,19.37,57,sableux,maïs,1
29.09,187.06,0.300,0.457,0.567,192.65,26.53,74,loam,arachide,1
35.53,59.20,0.041,0.078,0.274,63.19,36.91,44,argileux,sorgho,1
23.56,7.87,0.260,0.279,0.365,22.71,24.82,74,sableux,mil,1
27.94,0.68,0.114,0.126,0.336,10.15,26.24,115,loam,mil,0
20.58,16.42,0.061,0.105,0.211,38.88,21.90,77,argileux,coton,0
24.93,94.78,0.275,0.266,0.505,92.05,21.93,68,argileux,sorgho,1
20.84,28.64,0.393,0.431,0.528,26.70,22.48,93,loam,mil,1
23.82,15.21,0.155,0.144,0.270,3.48,19.69,26,loam,maïs,0
27.45,15.87,0.046,0.010,0.304,20.98,27.55,58,argileux,maïs,0
23.50,4.91,0.670,0.871,0.497,39.15,23.23,68,argileux,sorgho,1
25.60,8.54,0.429,0.333,0.475,15.11,25.28,97,sableux,arachide,1
27.64,16.72,0.134,0.129,0.259,40.68,27.05,57,sableux,coton,0
26.94,56.21,0.069,0.101,0.406,73.19,26.02,97,argileux,sorgho,1
26.20,2.03,0.332,0.410,0.387,0.00,26.93,117,sableux,mil,1
44.14,30.92,0.226,0.218,0.449,88.66,40.00,119,loam,riz,1
34.56,22.55,0.511,0.434,0.509,19.64,32.71,6,sableux,mil,2
22.55,0.08,0.191,0.199,0.298,12.25,20.71,0,sableux,maïs,0
19.27,0.35,0.099,0.147,0.134,0.00,22.01,36,sableux,maïs,0
26.72,25.02,0.464,0.366,0.455,47.02,25.22,74,argileux,coton,1
33.83,7.60,0.075,0.138,0.271,34.57,35.97,91,argileux,mil,0
21.21,166.28,0.461,0.470,0.742,179.41,23.06,74,loam,maïs,1
32.67,9.05,0.078,0.010,0.341,0.00,31.33,82,loam,riz,0
18.22,5.74,0.416,0.441,0.421,10.86,19.11,70,sableux,sorgho,1
33.47,28.08,0.029,0.025,0.189,50.48,34.28,29,argileux,maïs,1
30.98,22.37,0.237,0.191,0.424,52.65,33.36,54,loam,maïs,1
30.96,64.86,0.043,0.144,0.309,74.81,27.27,60,argileux,coton,2
21.92,2.65,0.109,0.055,0.240,38.32,24.30,42,loam,maïs,0
28.04,0.03,0.425,0.303,0.419,0.00,25.98,54,sableux,arachide,1
15.18,0.64,0.684,0.751,0.631,17.90,16.87,76,loam,riz,3
21.44,17.62,0.132,0.010,0.394,49.97,19.66,108,argileux,mil,1
19.50,9.71,0.128,0.010,0.282,52.16,18.88,114,sableux,sorgho,1
19.00,70.45,0.316,0.289,0.511,75.02,18.86,91,loam,mil,1
28.06,49.00,0.294,0.222,0.394,44.46,25.44,78,loam,arachide,1
32.20,10.92,0.229,0.150,0.370,63.42,31.73,88,loam,riz,1
24.53,35.35,0.038,0.088,0.235,62.73,24.97,96,sableux,sorgho,1
27.42,21.72,0.472,0.442,0.578,44.06,23.84,95,argileux,arachide,1
27.19,100.38,0.267,0.362,0.628,121.81,31.04,85,sableux,sorgho,1
21.30,16.68,0.375,0.333,0.456,26.82,23.18,18,argileux,coton,1
25.89,15.37,0.126,0.045,0.285,11.73,25.87,69,loam,mil,0
29.25,2.15,0.558,0.525,0.570,45.17,27.75,40,loam,sorgho,1
25.84,28.20,0.407,0.374,0.518,24.80,26.03,5,sableux,sorgho,2
24.04,30.00,0.307,0.232,0.420,91.18,23.86,22,loam,maïs,1
38.09,173.47,0.097,0.010,0.520,185.51,38.01,107,argileux,maïs,1
40.83,41.52,0.239,0.090,0.370,45.74,40.00,109,argileux,sorgho,3
19.60,13.16,0.288,0.315,0.424,45.81,21.22,98,argileux,arachide,1
24.12,34.59,0.441,0.361,0.496,22.60,23.75,73,argileux,coton,3
26.44,103.54,0.208,0.265,0.473,159.01,25.89,63,sableux,maïs,1
29.03,241.79,0.199,0.137,0.662,295.73,33.02,74,sableux,mil,1
26.89,25.14,0.067,0.010,0.203,32.94,24.96,105,loam,mil,0
35.46,5.09,0.116,0.077,0.252,32.20,37.12,85,sableux,maïs,0
22.15,27.09,0.212,0.126,0.335,24.09,22.47,109,loam,riz,0
24.84,1.41,0.501,0.464,0.455,12.13,24.88,32,loam,riz,1
26.71,43.43,0.019,0.114,0.227,76.28,24.21,9,argileux,maïs,1
18.08,1.10,0.275,0.213,0.381,9.46,18.46,51,sableux,arachide,1
31.44,16.28,0.170,0.139,0.338,0.56,29.55,61,argileux,sorgho,0
25.57,7.62,0.016,0.056,0.219,8.76,25.87,59,loam,maïs,0
28.17,21.93,0.156,0.196,0.295,64.89,25.65,101,loam,sorgho,1
23.75,13.05,0.368,0.552,0.453,2.35,22.13,76,argileux,mil,1
28.34,5.00,0.142,0.149,0.337,44.79,26.25,93,argileux,riz,0
29.31,9.81,0.209,0.226,0.403,23.15,32.93,79,loam,coton,1
17.92,106.05,0.313,0.318,0.545,119.79,14.82,61,argileux,riz,2
19.16,37.75,0.090,0.010,0.218,46.08,20.22,30,loam,riz,0
25.38,27.18,0.101,0.057,0.401,28.62,24.62,24,argileux,mil,1
32.06,9.15,0.200,0.199,0.240,10.04,33.02,39,argileux,sorgho,0
30.96,74.09,0.187,0.160,0.293,67.84,29.32,1,argileux,arachide,1
20.97,37.35,0.307,0.302,0.412,62.32,18.09,104,sableux,sorgho,1
32.69,25.80,0.587,0.528,0.680,50.51,28.39,40,sableux,arachide,1
27.35,43.10,0.579,0.506,0.566,51.86,27.25,32,loam,coton,4
18.12,30.01,0.158,0.080,0.276,41.41,20.12,47,loam,maïs,0
23.77,40.39,0.046,0.068,0.326,53.95,21.93,29,loam,arachide,1
33.02,16.33,0.346,0.327,0.486,19.51,28.35,78,argileux,sorgho,1
26.74,49.77,0.389,0.308,0.472,76.19,26.84,50,sableux,maïs,2
25.14,8.83,0.192,0.178,0.278,0.00,25.61,32,loam,maïs,0
27.45,12.30,0.145,0.144,0.336,39.52,25.79,19,argileux,mil,0
27.21,23.94,0.302,0.355,0.376,31.48,26.05,17,sableux,coton,1
27.06,19.64,0.586,0.561,0.566,23.96,27.48,57,sableux,maïs,1
42.40,18.25,0.661,0.638,0.636,55.11,40.00,14,sableux,maïs,1
30.77,14.72,0.491,0.542,0.463,27.10,31.59,11,sableux,riz,4
30.56,112.16,0.297,0.369,0.516,162.69,29.38,61,loam,mil,1
21.51,0.80,0.735,0.759,0.589,15.19,19.93,55,loam,maïs,1
26.10,31.46,0.470,0.496,0.554,41.95,25.38,100,loam,coton,1
10.73,55.52,0.247,0.088,0.396,71.52,10.00,76,loam,coton,1
22.41,72.24,0.371,0.250,0.570,87.83,23.79,36,argileux,maïs,1
24.74,18.02,0.450,0.580,0.434,9.55,24.29,113,sableux,mil,1
21.32,9.62,0.589,0.580,0.530,0.00,21.09,56,sableux,riz,1
24.54,14.68,0.258,0.391,0.446,45.06,21.35,113,argileux,sorgho,1
20.58,23.94,0.155,0.176,0.331,57.86,19.56,44,argileux,sorgho,1
24.33,0.73,0.329,0.449,0.378,10.19,25.05,70,loam,maïs,1
14.71,18.39,0.645,0.592,0.635,29.23,16.53,8,loam,mil,2
19.39,1.86,0.046,0.061,0.307,22.56,18.60,94,loam,coton,0
22.59,0.51,0.219,0.134,0.344,13.41,20.93,26,argileux,coton,0
22.14,10.91,0.665,0.717,0.573,0.00,24.07,16,argileux,maïs,1
14.22,0.09,0.352,0.323,0.429,0.00,18.12,117,loam,maïs,1
14.26,31.33,0.313,0.406,0.360,86.89,13.90,28,loam,sorgho,1
18.33,89.88,0.259,0.301,0.534,138.08,20.97,72,loam,arachide,1
33.15,3.19,0.365,0.369,0.342,22.38,35.82,4,sableux,coton,0
24.33,43.88,0.231,0.040,0.439,57.99,23.77,47,argileux,riz,1
31.16,11.99,0.567,0.461,0.553,17.80,33.54,7,loam,coton,2
25.17,2.77,0.274,0.367,0.323,50.46,25.24,62,sableux,arachide,1
22.41,3.32,0.050,0.014,0.238,45.29,18.23,68,argileux,sorgho,0
34.18,16.01,0.194,0.348,0.280,0.00,33.75,4,loam,riz,0
22.48,8.25,0.187,0.010,0.320,32.22,23.64,77,argileux,maïs,0
37.53,19.59,0.550,0.519,0.594,54.81,37.67,47,argileux,riz,1
25.42,16.77,0.132,0.134,0.330,30.86,28.25,58,argileux,riz,0
29.27,55.48,0.230,0.321,0.402,39.50,28.73,9,argileux,mil,1
22.62,13.75,0.153,0.078,0.252,0.00,23.45,73,loam,sorgho,0
32.85,15.24,0.254,0.188,0.392,30.24,33.49,24,sableux,riz,1
26.14,0.97,0.292,0.320,0.372,33.88,26.92,49,sableux,sorgho,1
35.89,17.26,0.075,0.139,0.349,15.06,34.46,4,argileux,mil,0
28.48,56.13,0.373,0.490,0.536,91.53,30.56,37,loam,sorgho,1
25.40,27.18,0.116,0.203,0.267,103.35,23.87,67,argileux,riz,1
26.40,26.80,0.456,0.521,0.520,18.48,24.91,111,argileux,mil,1
31.21,5.00,0.499,0.549,0.561,33.90,29.66,101,loam,riz,1
21.26,21.97,0.279,0.177,0.372,56.47,17.76,62,loam,arachide,1
23.91,0.88,0.327,0.477,0.399,5.12,23.56,0,argileux,sorgho,1
27.52,16.06,0.328,0.288,0.324,10.85,27.14,114,loam,arachide,0
12.79,77.97,0.028,0.025,0.326,87.98,13.41,37,loam,coton,1
30.14,23.76,0.145,0.087,0.321,30.91,30.54,117,sableux,maïs,0
25.35,0.48,0.027,0.010,0.185,0.00,26.73,51,loam,maïs,0
29.54,25.78,0.102,0.154,0.300,29.08,28.33,17,sableux,riz,0
31.00,21.00,0.202,0.050,0.389,15.13,28.20,7,loam,coton,1
28.05,44.26,0.377,0.252,0.502,71.18,28.17,83,argileux,mil,1
24.16,0.07,0.178,0.193,0.291,29.75,22.46,22,loam,sorgho,0
20.89,6.69,0.548,0.622,0.491,0.00,24.57,79,loam,maïs,1
33.75,24.62,0.398,0.248,0.421,69.26,35.39,117,sableux,mil,1
22.46,9.09,0.296,0.414,0.467,0.00,26.53,7,argileux,arachide,1
29.36,46.32,0.104,0.112,0.314,93.78,32.63,97,loam,arachide,1
23.90,213.64,0.525,0.453,0.808,208.87,25.34,26,loam,mil,4
25.39,20.86,0.289,0.248,0.393,28.91,24.80,115,loam,mil,1
19.27,1.58,0.552,0.615,0.559,0.00,17.30,91,argileux,sorgho,3
30.48,14.19,0.063,0.010,0.093,48.53,30.53,76,loam,sorgho,3
18.59,61.57,0.192,0.151,0.329,71.44,17.00,13,sableux,coton,1
15.36,22.89,0.229,0.150,0.345,50.79,16.51,18,loam,riz,1
30.46,5.74,0.203,0.194,0.360,0.00,29.72,20,argileux,sorgho,1
20.80,6.91,0.221,0.211,0.361,25.84,23.45,7,sableux,sorgho,1
28.79,26.22,0.043,0.021,0.280,32.96,28.57,60,argileux,sorgho,0
30.74,65.47,0.121,0.052,0.309,45.17,29.96,62,argileux,coton,0
22.20,2.13,0.187,0.202,0.379,28.23,23.83,88,argileux,riz,0
16.28,32.76,0.351,0.343,0.388,43.89,12.73,15,argileux,mil,2
34.09,46.86,0.328,0.441,0.376,92.16,34.65,93,sableux,coton,1
32.23,37.20,0.112,0.037,0.394,76.88,32.21,104,argileux,riz,1
27.35,2.41,0.015,0.010,0.202,0.00,23.91,33,argileux,mil,0
23.42,5.09,0.154,0.113,0.245,45.39,21.82,44,argileux,mil,0
17.18,47.65,0.208,0.261,0.406,84.02,16.70,73,argileux,riz,1
21.52,33.72,0.363,0.415,0.437,53.50,18.10,74,loam,riz,1
23.39,15.84,0.058,0.010,0.230,12.87,20.69,105,sableux,riz,0
27.83,130.24,0.105,0.124,0.376,161.74,29.74,62,argileux,mil,1
15.52,23.05,0.234,0.240,0.399,55.80,12.04,63,loam,mil,1
22.44,236.94,0.084,0.038,0.463,231.70,20.06,72,argileux,mil,1
27.46,17.89,0.609,0.583,0.614,15.26,28.30,26,argileux,coton,1
21.54,5.30,0.273,0.288,0.439,28.33,22.95,19,argileux,arachide,1
22.23,0.72,0.221,0.226,0.200,9.06,19.17,40,loam,mil,0
39.38,2.08,0.708,0.650,0.650,29.51,35.68,13,sableux,maïs,1
27.83,289.36,0.111,0.083,0.533,296.06,26.72,111,sableux,mil,1
28.02,21.53,0.308,0.185,0.379,21.55,28.16,69,loam,coton,1
25.45,7.56,0.411,0.499,0.410,0.00,24.06,120,loam,sorgho,1
19.94,3.31,0.168,0.108,0.263,15.62,17.58,23,sableux,maïs,0
36.28,15.66,0.173,0.235,0.403,30.19,36.87,58,argileux,maïs,1
23.63,8.20,0.089,0.115,0.308,43.57,23.44,62,loam,coton,0
25.01,80.69,0.069,0.010,0.308,90.17,22.25,114,sableux,riz,1
24.59,25.37,0.183,0.202,0.377,23.29,25.46,51,argileux,maïs,1
28.84,2.69,0.114,0.277,0.253,16.81,27.72,87,sableux,maïs,0
28.73,10.83,0.191,0.141,0.320,43.09,27.47,78,sableux,coton,0
15.71,11.22,0.465,0.532,0.477,23.21,16.34,100,loam,riz,1
30.55,27.64,0.151,0.167,0.251,62.06,31.08,28,loam,riz,1
18.13,2.70,0.178,0.163,0.218,19.35,16.31,13,sableux,maïs,0
20.00,43.50,0.224,0.285,0.436,46.89,17.72,85,loam,arachide,1
24.42,11.19,0.342,0.303,0.382,36.79,23.35,87,sableux,sorgho,1
25.17,0.15,0.122,0.031,0.300,0.00,23.96,110,argileux,sorgho,0
28.27,10.70,0.049,0.022,0.260,43.73,26.08,97,argileux,coton,0
18.39,3.38,0.149,0.251,0.226,0.00,19.13,76,sableux,coton,0
21.31,8.71,0.206,0.129,0.281,8.32,21.41,36,argileux,coton,1
35.43,2.52,0.667,0.616,0.608,19.40,34.43,55,argileux,maïs,1
20.97,81.24,0.383,0.298,0.519,97.54,21.22,47,loam,arachide,1
29.96,13.14,0.412,0.554,0.405,29.80,28.16,73,sableux,arachide,1
22.11,4.15,0.427,0.372,0.547,37.39,23.32,119,argileux,mil,1
28.93,17.12,0.084,0.010,0.268,37.69,26.75,51,sableux,riz,0
17.45,7.04,0.247,0.264,0.347,1.14,13.61,69,loam,arachide,0
29.76,32.35,0.422,0.362,0.507,19.01,30.48,16,sableux,coton,1
17.42,36.61,0.658,0.579,0.564,49.46,18.68,64,loam,sorgho,1
30.21,65.11,0.481,0.392,0.618,73.42,31.59,26,sableux,coton,1
33.83,7.05,0.114,0.169,0.236,50.54,36.60,40,loam,arachide,1
17.95,19.41,0.689,0.701,0.569,43.90,14.96,19,sableux,coton,1
26.46,4.86,0.406,0.533,0.457,65.22,23.41,8,loam,maïs,2
25.07,19.49,0.206,0.290,0.422,24.71,27.59,47,argileux,maïs,1
27.36,6.19,0.082,0.129,0.239,27.22,25.55,66,loam,mil,0
24.12,1.43,0.523,0.663,0.432,6.33,28.38,12,sableux,coton,1
20.58,57.71,0.097,0.035,0.264,64.76,20.79,90,argileux,arachide,1
23.70,3.21,0.273,0.323,0.433,20.23,26.13,94,sableux,arachide,1
31.03,15.76,0.606,0.700,0.670,48.94,29.39,116,argileux,sorgho,3
25.68,2.39,0.288,0.177,0.399,17.87,22.26,48,argileux,mil,1
23.33,8.37,0.048,0.010,0.267,4.86,24.92,115,sableux,riz,0
19.37,7.05,0.385,0.477,0.488,1.20,22.06,78,sableux,riz,1
30.26,22.21,0.299,0.227,0.217,5.79,31.19,82,sableux,maïs,0
18.21,77.13,0.428,0.620,0.572,81.71,15.34,46,sableux,arachide,1
14.26,13.06,0.097,0.209,0.249,42.02,17.06,97,sableux,coton,0
11.60,27.98,0.127,0.064,0.386,37.08,10.66,84,loam,riz,1
29.10,4.45,0.279,0.301,0.351,27.86,32.38,106,loam,mil,1
27.80,5.11,0.087,0.181,0.232,8.79,25.97,56,argileux,arachide,0
37.95,22.34,0.219,0.187,0.322,45.54,39.34,20,sableux,arachide,0
32.42,5.51,0.351,0.384,0.436,40.64,35.47,11,argileux,coton,1
18.17,10.37,0.418,0.487,0.471,48.51,19.93,109,argileux,riz,1
32.90,5.62,0.316,0.307,0.315,0.00,34.97,16,sableux,coton,0
20.93,6.12,0.097,0.152,0.233,35.43,22.38,53,sableux,sorgho,0
21.60,7.52,0.182,0.144,0.326,35.36,18.50,63,argileux,maïs,0
20.45,66.30,0.150,0.229,0.313,61.14,20.02,116,argileux,mil,1
31.86,1.20,0.227,0.272,0.379,18.91,30.35,112,argileux,mil,1
17.92,1.34,0.244,0.383,0.440,27.23,16.60,53,loam,sorgho,1
22.24,2.36,0.245,0.331,0.428,26.91,21.08,47,sableux,riz,1
16.08,2.64,0.330,0.385,0.452,7.04,18.77,107,argileux,mil,1
37.59,97.57,0.201,0.113,0.351,109.20,37.16,11,loam,sorgho,1
30.18,9.69,0.227,0.288,0.364,17.51,30.77,35,loam,arachide,1
20.33,7.21,0.319,0.170,0.404,50.23,17.82,55,argileux,mil,1
29.91,63.50,0.463,0.413,0.533,84.17,26.17,70,argileux,mil,1
32.66,14.82,0.365,0.345,0.476,10.81,34.51,107,loam,mil,1
25.04,15.47,0.243,0.191,0.454,18.31,25.13,59,sableux,coton,1
20.30,23.63,0.131,0.192,0.347,31.94,22.45,39,sableux,coton,0
23.29,229.13,0.388,0.379,0.679,271.39,23.33,42,sableux,arachide,1
34.83,7.28,0.247,0.231,0.329,51.37,31.39,90,argileux,riz,4
21.14,9.59,0.562,0.469,0.550,18.71,21.41,16,loam,sorgho,1
34.98,1.72,0.423,0.421,0.492,42.49,33.34,79,sableux,riz,1
26.32,35.70,0.331,0.330,0.365,18.50,25.34,7,sableux,arachide,1
18.36,45.82,0.092,0.010,0.334,32.58,16.35,105,argileux,arachide,0
34.13,6.97,0.282,0.393,0.439,0.00,34.61,3,argileux,maïs,4
11.31,25.59,0.317,0.239,0.458,35.15,10.00,114,sableux,maïs,1
24.90,7.96,0.188,0.297,0.295,0.00,25.65,66,sableux,arachide,0
32.04,30.34,0.548,0.479,0.514,22.52,32.56,31,sableux,coton,1
29.53,31.57,0.584,0.503,0.493,86.39,30.27,108,sableux,riz,3
29.64,73.37,0.399,0.431,0.476,105.94,30.76,58,argileux,maïs,1
20.96,47.60,0.390,0.374,0.503,62.41,21.69,73,loam,coton,1
18.35,4.21,0.294,0.336,0.332,0.00,21.74,81,sableux,arachide,0
27.58,1.43,0.091,0.035,0.204,33.26,28.01,98,loam,arachide,0
28.95,11.33,0.296,0.332,0.360,28.68,30.65,107,sableux,arachide,1
18.91,70.49,0.334,0.381,0.502,91.43,22.32,73,loam,maïs,1
20.37,20.11,0.246,0.229,0.337,19.94,19.89,14,sableux,riz,0
30.05,31.46,0.110,0.170,0.258,51.04,34.60,38,loam,sorgho,1
27.92,6.91,0.079,0.083,0.257,12.91,27.87,95,loam,mil,0
20.29,17.95,0.359,0.434,0.476,10.09,16.65,104,loam,riz,1
29.76,10.55,0.401,0.231,0.408,59.98,33.69,10,loam,arachide,1
25.11,7.54,0.152,0.010,0.257,42.37,25.11,38,loam,arachide,0
29.74,0.23,0.378,0.358,0.307,32.76,32.18,106,sableux,arachide,0
24.06,2.77,0.129,0.083,0.300,23.56,27.52,4,loam,arachide,0
24.43,61.32,0.234,0.349,0.435,107.69,28.69,5,argileux,sorgho,2
20.86,4.21,0.236,0.186,0.399,37.33,20.80,61,sableux,coton,1
23.17,16.45,0.139,0.114,0.390,43.29,19.29,76,loam,maïs,2
43.03,14.29,0.214,0.266,0.355,64.08,40.00,73,loam,maïs,1
15.61,28.02,0.396,0.469,0.561,23.19,12.67,49,loam,riz,1
30.60,5.76,0.093,0.065,0.255,0.00,31.65,102,loam,maïs,0
26.37,3.01,0.344,0.287,0.415,16.87,27.49,93,sableux,coton,1
25.21,7.46,0.215,0.227,0.265,0.00,25.18,103,loam,mil,0
22.16,4.05,0.239,0.189,0.307,24.62,22.42,102,loam,mil,0
27.38,8.60,0.201,0.296,0.299,31.14,28.01,24,argileux,maïs,0
30.65,14.91,0.046,0.013,0.211,16.47,31.11,61,sableux,arachide,0
26.50,0.12,0.233,0.243,0.287,10.73,27.50,89,sableux,sorgho,0
27.73,7.55,0.184,0.389,0.351,0.00,29.70,19,argileux,coton,1
27.06,109.29,0.280,0.197,0.455,105.51,28.08,117,argileux,maïs,1
11.48,10.90,0.419,0.645,0.463,41.77,11.35,75,sableux,coton,1
15.85,10.04,0.735,0.555,0.600,30.08,15.66,3,sableux,mil,2
26.89,19.51,0.057,0.129,0.286,51.78,28.68,61,argileux,arachide,1
14.98,51.42,0.321,0.308,0.429,92.27,16.14,48,argileux,mil,1
33.36,40.81,0.345,0.398,0.533,25.83,35.22,98,sableux,mil,1
25.76,24.82,0.398,0.486,0.543,8.51,26.87,110,sableux,riz,1
24.19,8.12,0.053,0.079,0.209,52.10,26.95,72,sableux,maïs,1
23.93,19.97,0.128,0.016,0.309,41.35,23.60,33,argileux,coton,0
25.87,21.17,0.568,0.442,0.665,75.78,27.48,113,sableux,sorgho,3
31.42,3.04,0.239,0.199,0.404,56.67,29.71,2,sableux,maïs,1
24.49,20.69,0.066,0.083,0.253,58.86,27.62,49,argileux,arachide,1
24.00,2.96,0.330,0.351,0.377,24.86,25.63,112,sableux,mil,3
21.70,20.94,0.139,0.010,0.322,27.79,19.36,51,loam,coton,0
29.24,37.96,0.651,0.694,0.694,68.80,27.39,49,argileux,coton,1
25.37,10.81,0.352,0.280,0.498,33.24,23.63,33,loam,maïs,1
23.56,16.07,0.360,0.369,0.458,27.48,25.11,112,sableux,sorgho,1
32.89,0.91,0.693,0.709,0.642,19.83,31.39,35,loam,sorgho,1
28.99,18.97,0.398,0.379,0.443,0.00,31.92,54,argileux,coton,1
24.69,0.74,0.331,0.356,0.375,14.56,26.03,55,argileux,sorgho,1
29.24,10.87,0.289,0.476,0.418,42.08,30.39,52,argileux,mil,1
26.67,7.63,0.342,0.358,0.452,18.92,25.87,3,argileux,sorgho,1
22.54,10.15,0.278,0.282,0.449,46.35,20.07,9,sableux,mil,1
22.88,40.21,0.246,0.258,0.327,55.08,25.39,71,loam,arachide,1
35.02,2.38,0.447,0.544,0.489,14.13,36.72,23,sableux,riz,1
23.07,7.04,0.645,0.634,0.563,29.67,22.48,84,sableux,riz,3
25.27,11.06,0.517,0.632,0.584,18.27,27.75,42,loam,sorgho,1
22.66,8.26,0.220,0.178,0.276,30.25,18.77,96,sableux,coton,0
18.11,68.44,0.206,0.287,0.446,70.49,16.53,32,loam,mil,1
11.12,10.62,0.162,0.121,0.261,15.30,10.92,39,sableux,riz,0
21.27,12.30,0.097,0.027,0.274,7.90,18.61,21,sableux,arachide,0
18.65,19.39,0.336,0.352,0.403,28.65,21.63,12,argileux,arachide,1
16.42,18.99,0.127,0.202,0.486,25.75,17.41,69,argileux,sorgho,1
22.64,25.45,0.482,0.508,0.539,51.39,19.69,22,argileux,riz,1
23.89,7.37,0.424,0.405,0.457,5.86,24.18,61,loam,coton,1
28.75,33.22,0.228,0.207,0.369,37.94,29.56,118,argileux,maïs,1
23.29,53.66,0.252,0.171,0.376,51.70,24.47,110,loam,sorgho,1
22.40,134.72,0.544,0.592,0.701,148.66,22.16,74,sableux,maïs,1
26.08,0.08,0.321,0.273,0.329,14.95,23.11,9,argileux,mil,0
28.57,82.90,0.234,0.290,0.446,103.23,29.33,68,argileux,mil,1
28.51,2.66,0.101,0.039,0.279,4.40,33.84,77,loam,sorgho,0
27.95,17.43,0.271,0.268,0.285,64.46,28.23,38,argileux,sorgho,1
32.51,32.62,0.463,0.390,0.559,58.93,31.55,104,sableux,maïs,1
25.64,15.01,0.469,0.505,0.486,50.24,26.89,10,sableux,riz,1
28.72,14.88,0.156,0.104,0.329,49.72,28.51,33,argileux,coton,0
32.46,36.88,0.330,0.444,0.498,70.19,34.54,18,argileux,maïs,1
28.14,5.27,0.448,0.452,0.493,16.54,26.40,43,argileux,sorgho,1
28.83,7.08,0.127,0.115,0.421,59.14,27.87,111,sableux,maïs,1
29.43,38.81,0.442,0.323,0.440,59.60,29.07,115,argileux,maïs,1
31.23,6.04,0.338,0.291,0.331,13.27,33.01,9,argileux,mil,0
23.11,47.01,0.186,0.222,0.415,92.53,25.48,1,sableux,maïs,1
21.39,27.45,0.344,0.327,0.378,30.18,20.07,79,sableux,mil,1
17.04,9.59,0.250,0.282,0.350,51.24,18.98,109,sableux,coton,1
32.54,9.50,0.217,0.227,0.400,16.06,30.79,101,sableux,riz,1
9.98,63.58,0.520,0.594,0.476,89.63,10.00,73,loam,mil,3
27.93,5.88,0.308,0.191,0.389,4.58,29.72,86,sableux,riz,1
17.91,48.28,0.185,0.269,0.314,32.61,21.45,105,argileux,riz,0
30.21,7.28,0.127,0.013,0.284,57.65,31.50,89,loam,coton,1
24.53,9.85,0.599,0.533,0.559,91.49,23.02,23,loam,sorgho,1
31.05,52.24,0.610,0.456,0.623,70.89,30.31,113,sableux,mil,0
25.22,32.58,0.253,0.097,0.351,8.56,27.81,22,sableux,coton,1
27.66,9.01,0.246,0.348,0.420,33.94,26.09,16,argileux,mil,1
26.64,6.79,0.054,0.025,0.193,8.00,27.72,117,loam,riz,0
28.04,3.50,0.254,0.203,0.335,47.07,29.60,96,argileux,arachide,0
25.46,40.58,0.442,0.405,0.436,72.47,27.80,51,loam,arachide,1
15.25,35.19,0.170,0.169,0.355,52.69,16.33,0,loam,arachide,1
31.39,50.13,0.252,0.159,0.490,90.77,32.85,64,argileux,coton,1
26.76,59.46,0.148,0.059,0.313,98.10,27.47,13,loam,sorgho,1
25.52,76.38,0.338,0.541,0.484,98.92,21.53,55,argileux,maïs,1
23.20,32.48,0.244,0.280,0.390,39.72,19.83,53,argileux,arachide,1
33.79,35.36,0.108,0.010,0.290,35.14,31.89,97,loam,maïs,0
30.05,9.66,0.175,0.073,0.185,3.07,28.82,37,argileux,riz,0
10.88,22.12,0.346,0.403,0.481,61.87,11.16,43,loam,mil,1
24.21,1.73,0.178,0.425,0.316,50.57,23.35,97,sableux,coton,1
30.10,18.46,0.334,0.464,0.432,78.28,28.66,107,argileux,maïs,1
24.40,46.70,0.032,0.133,0.352,62.59,23.99,54,argileux,mil,1
21.97,38.85,0.543,0.466,0.618,67.12,22.57,19,loam,coton,1
22.74,2.24,0.464,0.515,0.428,22.88,23.54,65,sableux,coton,1
31.18,10.02,0.018,0.124,0.193,0.00,27.93,60,loam,arachide,0
24.61,2.88,0.185,0.072,0.372,0.00,24.87,7,sableux,maïs,0
25.03,27.53,0.294,0.350,0.396,95.70,25.84,39,argileux,coton,1
22.96,7.03,0.192,0.073,0.379,18.83,23.47,13,sableux,sorgho,1
30.97,37.67,0.481,0.512,0.596,66.92,29.80,87,loam,sorgho,1
27.43,2.89,0.154,0.184,0.249,24.31,25.61,65,sableux,riz,0
19.44,91.33,0.460,0.579,0.680,143.89,21.28,71,loam,sorgho,2
17.73,12.03,0.128,0.188,0.298,45.64,18.62,81,loam,arachide,0
27.57,0.85,0.765,0.685,0.737,27.22,25.49,53,loam,mil,3
26.07,97.94,0.530,0.382,0.662,119.22,23.39,62,sableux,sorgho,1
24.03,79.70,0.240,0.286,0.396,104.39,28.72,116,loam,arachide,1
18.00,14.39,0.097,0.111,0.309,38.05,17.47,61,argileux,riz,0
25.97,7.57,0.254,0.170,0.415,0.00,25.50,2,sableux,maïs,1
28.74,23.47,0.285,0.379,0.420,64.66,25.03,77,sableux,coton,1
18.54,26.35,0.555,0.438,0.565,39.91,18.49,63,loam,sorgho,1
24.47,2.61,0.148,0.182,0.302,33.94,23.98,98,sableux,coton,0
21.67,68.16,0.071,0.010,0.337,77.53,18.99,65,sableux,sorgho,1
22.32,18.35,0.442,0.295,0.466,34.93,24.87,79,sableux,mil,4
17.05,64.10,0.144,0.071,0.229,53.38,16.45,27,loam,mil,1
27.14,71.18,0.571,0.496,0.687,89.67,27.73,25,argileux,mil,1
20.96,63.66,0.281,0.464,0.436,57.10,23.90,6,loam,maïs,1
21.47,126.64,0.076,0.010,0.401,159.89,19.14,22,sableux,arachide,3
19.45,1.28,0.175,0.090,0.317,47.48,21.47,69,sableux,sorgho,0
23.49,19.50,0.362,0.453,0.409,5.20,21.13,47,sableux,sorgho,1
29.69,20.58,0.138,0.162,0.302,40.48,28.47,110,sableux,coton,0
25.40,21.76,0.321,0.251,0.454,44.93,23.54,35,argileux,sorgho,1
24.58,1.12,0.408,0.406,0.476,33.51,25.33,36,argileux,mil,1
26.27,32.41,0.423,0.521,0.471,53.84,27.96,116,sableux,arachide,1
30.59,11.37,0.433,0.470,0.406,57.10,31.86,4,loam,maïs,2
25.87,68.69,0.210,0.303,0.462,66.02,21.74,76,sableux,sorgho,1
27.45,1.61,0.037,0.010,0.170,39.56,30.32,63,argileux,maïs,0
31.25,0.45,0.099,0.192,0.338,32.75,33.71,43,sableux,mil,0
32.03,27.97,0.151,0.083,0.323,12.85,31.89,46,loam,maïs,0
24.55,20.88,0.594,0.654,0.564,61.69,21.98,113,argileux,coton,3
25.73,7.42,0.280,0.285,0.396,20.83,28.15,110,sableux,sorgho,1
27.64,25.12,0.547,0.538,0.546,37.70,33.03,63,sableux,arachide,1
21.56,16.32,0.171,0.111,0.231,17.37,21.93,30,loam,riz,0
18.01,24.24,0.238,0.171,0.405,48.63,18.93,68,argileux,coton,2
24.68,39.33,0.470,0.335,0.608,7.09,23.26,33,sableux,sorgho,1
19.07,11.17,0.131,0.135,0.318,25.01,22.67,74,loam,maïs,0
25.02,3.94,0.326,0.523,0.347,7.25,21.48,106,argileux,coton,0
17.19,1.42,0.297,0.226,0.375,16.36,18.59,33,loam,maïs,1
28.30,39.85,0.556,0.408,0.552,66.61,30.60,56,sableux,sorgho,1
34.75,23.54,0.235,0.344,0.365,44.76,36.73,89,argileux,riz,1
23.93,76.77,0.655,0.681,0.641,104.51,28.46,46,loam,arachide,1
23.62,9.05,0.357,0.378,0.431,46.88,23.65,41,sableux,coton,1
32.66,1.73,0.110,0.031,0.303,20.67,29.76,33,argileux,maïs,0
29.23,11.72,0.192,0.243,0.272,14.95,26.52,30,loam,arachide,0
26.39,28.91,0.111,0.235,0.332,52.14,21.44,118,sableux,arachide,1
23.43,5.58,0.190,0.091,0.287,32.79,27.56,32,argileux,sorgho,0
36.95,15.85,0.456,0.420,0.429,66.13,36.20,12,loam,sorgho,1
28.36,12.21,0.097,0.097,0.315,26.30,29.74,56,sableux,riz,0
17.46,95.73,0.616,0.676,0.685,131.59,19.58,44,argileux,mil,1
22.63,45.88,0.235,0.219,0.336,88.01,19.58,83,argileux,riz,1
23.18,5.90,0.139,0.108,0.278,8.28,24.72,90,argileux,mil,0
23.74,47.35,0.587,0.521,0.598,61.65,22.96,39,sableux,mil,1
30.84,30.53,0.098,0.063,0.318,64.07,30.38,1,loam,coton,1
23.36,10.95,0.383,0.572,0.456,22.26,22.68,65,sableux,arachide,1
26.17,23.23,0.172,0.186,0.361,70.45,24.45,56,argileux,maïs,1
23.00,38.09,0.291,0.244,0.389,88.28,24.06,42,argileux,sorgho,1
34.21,19.89,0.052,0.010,0.290,19.00,37.56,38,argileux,arachide,0
22.86,7.99,0.439,0.452,0.460,0.00,22.45,117,loam,maïs,1
23.69,9.62,0.257,0.280,0.334,3.73,23.33,20,loam,arachide,0
24.91,38.05,0.403,0.344,0.539,69.67,25.73,76,argileux,riz,1
29.75,41.54,0.642,0.680,0.614,46.33,28.90,112,sableux,riz,3
11.51,15.86,0.025,0.098,0.170,0.00,11.76,2,argileux,maïs,0
20.73,69.74,0.104,0.059,0.283,101.25,20.13,55,loam,arachide,1
12.77,12.43,0.210,0.123,0.284,46.31,12.03,110,sableux,mil,0
20.99,1.57,0.467,0.387,0.441,27.17,20.67,16,sableux,arachide,1
24.39,51.76,0.159,0.141,0.381,70.29,22.82,1,loam,sorgho,1
16.32,24.23,0.440,0.537,0.441,36.34,16.84,77,argileux,sorgho,4
10.70,15.84,0.067,0.060,0.294,15.50,10.00,88,argileux,riz,0
25.79,20.00,0.142,0.135,0.292,60.52,24.76,41,sableux,maïs,1
30.61,22.62,0.056,0.072,0.222,20.80,31.71,112,argileux,coton,0
23.80,26.60,0.374,0.312,0.513,40.31,24.94,24,argileux,maïs,1
23.03,13.32,0.268,0.248,0.320,8.28,21.85,112,sableux,riz,0
33.43,8.65,0.227,0.296,0.291,44.32,32.98,53,argileux,sorgho,0
25.12,2.86,0.017,0.039,0.208,23.18,24.26,30,sableux,coton,0
22.74,26.15,0.559,0.565,0.606,18.17,21.60,22,loam,sorgho,1
28.86,1.30,0.318,0.397,0.473,55.25,29.61,37,loam,riz,1
23.21,17.25,0.425,0.489,0.481,65.00,19.20,52,argileux,sorgho,1
22.23,21.60,0.525,0.531,0.515,54.94,19.88,93,argileux,mil,3
28.48,21.76,0.075,0.058,0.294,31.55,32.44,59,argileux,mil,0
29.02,18.08,0.385,0.227,0.490,59.67,28.31,82,argileux,maïs,1
36.20,1.99,0.320,0.246,0.325,49.15,36.04,92,argileux,maïs,0
22.40,9.57,0.260,0.244,0.335,30.14,22.85,43,sableux,riz,0
27.36,3.73,0.112,0.280,0.375,19.31,26.67,43,argileux,riz,1
22.37,6.17,0.330,0.146,0.469,23.90,24.55,87,sableux,sorgho,1
29.89,13.54,0.311,0.252,0.401,22.71,27.75,110,loam,riz,1
27.10,69.37,0.023,0.010,0.342,75.04,28.64,50,argileux,mil,1
